bag_id,model,question_id,question_type,f1_token,acierto_binario,rouge1,rouge2,meteor,bertscore
0,DeepSeek-R1-Distill-Qwen-14B-Q6_K,10,yes_no,1.0,1.0,,,,
0,DeepSeek-R1-Distill-Qwen-14B-Q6_K,46,yes_no,1.0,1.0,,,,
0,DeepSeek-R1-Distill-Qwen-14B-Q6_K,88,yes_no,1.0,1.0,,,,
0,DeepSeek-R1-Distill-Qwen-14B-Q6_K,58,yes_no,1.0,1.0,,,,
0,DeepSeek-R1-Distill-Qwen-14B-Q6_K,28,yes_no,1.0,1.0,,,,
0,DeepSeek-R1-Distill-Qwen-14B-Q6_K,92,yes_no,1.0,1.0,,,,
0,DeepSeek-R1-Distill-Qwen-14B-Q6_K,2,yes_no,1.0,1.0,,,,
0,DeepSeek-R1-Distill-Qwen-14B-Q6_K,1,yes_no,0.0,0.0,,,,
0,DeepSeek-R1-Distill-Qwen-14B-Q6_K,63,yes_no,0.0,0.0,,,,
0,DeepSeek-R1-Distill-Qwen-14B-Q6_K,33,yes_no,1.0,1.0,,,,
0,DeepSeek-R1-Distill-Qwen-14B-Q6_K,22,yes_no,0.0,0.0,,,,
0,DeepSeek-R1-Distill-Qwen-14B-Q6_K,87,yes_no,1.0,1.0,,,,
0,DeepSeek-R1-Distill-Qwen-14B-Q6_K,84,yes_no,1.0,1.0,,,,
0,DeepSeek-R1-Distill-Qwen-14B-Q6_K,13,yes_no,1.0,1.0,,,,
0,DeepSeek-R1-Distill-Qwen-14B-Q6_K,60,yes_no,1.0,1.0,,,,
0,DeepSeek-R1-Distill-Qwen-14B-Q6_K,39,yes_no,1.0,1.0,,,,
0,DeepSeek-R1-Distill-Qwen-14B-Q6_K,41,yes_no,0.0,0.0,,,,
0,DeepSeek-R1-Distill-Qwen-14B-Q6_K,98,yes_no,0.0,0.0,,,,
0,DeepSeek-R1-Distill-Qwen-14B-Q6_K,83,yes_no,1.0,1.0,,,,
0,DeepSeek-R1-Distill-Qwen-14B-Q6_K,34,yes_no,1.0,1.0,,,,
0,DeepSeek-R1-Distill-Qwen-14B-Q6_K,97,yes_no,0.0,0.0,,,,
0,DeepSeek-R1-Distill-Qwen-14B-Q6_K,86,yes_no,1.0,1.0,,,,
0,DeepSeek-R1-Distill-Qwen-14B-Q6_K,65,yes_no,1.0,1.0,,,,
0,DeepSeek-R1-Distill-Qwen-14B-Q6_K,88,yes_no,1.0,1.0,,,,
0,DeepSeek-R1-Distill-Qwen-14B-Q6_K,1,yes_no,0.0,0.0,,,,
0,DeepSeek-R1-Distill-Qwen-14B-Q6_K,44,yes_no,0.0,0.0,,,,
0,DeepSeek-R1-Distill-Qwen-14B-Q6_K,54,yes_no,1.0,1.0,,,,
0,DeepSeek-R1-Distill-Qwen-14B-Q6_K,80,yes_no,0.0,0.0,,,,
0,DeepSeek-R1-Distill-Qwen-14B-Q6_K,72,yes_no,1.0,1.0,,,,
0,DeepSeek-R1-Distill-Qwen-14B-Q6_K,38,yes_no,0.0,0.0,,,,
0,DeepSeek-R1-Distill-Qwen-14B-Q6_K,93,yes_no,1.0,1.0,,,,
0,DeepSeek-R1-Distill-Qwen-14B-Q6_K,75,yes_no,0.0,0.0,,,,
0,DeepSeek-R1-Distill-Qwen-14B-Q6_K,59,yes_no,1.0,1.0,,,,
0,DeepSeek-R1-Distill-Qwen-14B-Q6_K,34,yes_no,1.0,1.0,,,,
0,DeepSeek-R1-Distill-Qwen-14B-Q6_K,74,yes_no,0.0,0.0,,,,
0,DeepSeek-R1-Distill-Qwen-14B-Q6_K,6,yes_no,1.0,1.0,,,,
0,DeepSeek-R1-Distill-Qwen-14B-Q6_K,41,yes_no,0.0,0.0,,,,
0,DeepSeek-R1-Distill-Qwen-14B-Q6_K,94,yes_no,1.0,1.0,,,,
0,DeepSeek-R1-Distill-Qwen-14B-Q6_K,57,yes_no,1.0,1.0,,,,
0,DeepSeek-R1-Distill-Qwen-14B-Q6_K,75,yes_no,0.0,0.0,,,,
0,DeepSeek-R1-Distill-Qwen-14B-Q6_K,17,yes_no,1.0,1.0,,,,
0,DeepSeek-R1-Distill-Qwen-14B-Q6_K,53,yes_no,0.0,0.0,,,,
0,DeepSeek-R1-Distill-Qwen-14B-Q6_K,43,yes_no,1.0,1.0,,,,
0,DeepSeek-R1-Distill-Qwen-14B-Q6_K,34,yes_no,1.0,1.0,,,,
0,DeepSeek-R1-Distill-Qwen-14B-Q6_K,75,yes_no,0.0,0.0,,,,
0,DeepSeek-R1-Distill-Qwen-14B-Q6_K,55,yes_no,0.0,0.0,,,,
0,DeepSeek-R1-Distill-Qwen-14B-Q6_K,63,yes_no,0.0,0.0,,,,
0,DeepSeek-R1-Distill-Qwen-14B-Q6_K,45,yes_no,1.0,1.0,,,,
0,DeepSeek-R1-Distill-Qwen-14B-Q6_K,48,yes_no,0.0,0.0,,,,
0,DeepSeek-R1-Distill-Qwen-14B-Q6_K,4,yes_no,1.0,1.0,,,,
0,DeepSeek-R1-Distill-Qwen-14B-Q6_K,99,yes_no,1.0,1.0,,,,
0,DeepSeek-R1-Distill-Qwen-14B-Q6_K,85,yes_no,0.0,0.0,,,,
0,DeepSeek-R1-Distill-Qwen-14B-Q6_K,95,yes_no,0.0,0.0,,,,
0,DeepSeek-R1-Distill-Qwen-14B-Q6_K,9,yes_no,0.0,0.0,,,,
0,DeepSeek-R1-Distill-Qwen-14B-Q6_K,2,yes_no,1.0,1.0,,,,
0,DeepSeek-R1-Distill-Qwen-14B-Q6_K,70,yes_no,0.0,0.0,,,,
0,DeepSeek-R1-Distill-Qwen-14B-Q6_K,45,yes_no,1.0,1.0,,,,
0,DeepSeek-R1-Distill-Qwen-14B-Q6_K,5,yes_no,1.0,1.0,,,,
0,DeepSeek-R1-Distill-Qwen-14B-Q6_K,15,yes_no,0.0,0.0,,,,
0,DeepSeek-R1-Distill-Qwen-14B-Q6_K,39,yes_no,1.0,1.0,,,,
0,DeepSeek-R1-Distill-Qwen-14B-Q6_K,37,yes_no,1.0,1.0,,,,
0,DeepSeek-R1-Distill-Qwen-14B-Q6_K,71,yes_no,1.0,1.0,,,,
0,DeepSeek-R1-Distill-Qwen-14B-Q6_K,35,yes_no,1.0,1.0,,,,
0,DeepSeek-R1-Distill-Qwen-14B-Q6_K,40,yes_no,1.0,1.0,,,,
0,DeepSeek-R1-Distill-Qwen-14B-Q6_K,31,yes_no,1.0,1.0,,,,
0,DeepSeek-R1-Distill-Qwen-14B-Q6_K,45,yes_no,1.0,1.0,,,,
0,DeepSeek-R1-Distill-Qwen-14B-Q6_K,97,yes_no,0.0,0.0,,,,
0,DeepSeek-R1-Distill-Qwen-14B-Q6_K,85,yes_no,0.0,0.0,,,,
0,DeepSeek-R1-Distill-Qwen-14B-Q6_K,11,yes_no,1.0,1.0,,,,
0,DeepSeek-R1-Distill-Qwen-14B-Q6_K,80,yes_no,0.0,0.0,,,,
0,DeepSeek-R1-Distill-Qwen-14B-Q6_K,89,yes_no,1.0,1.0,,,,
0,DeepSeek-R1-Distill-Qwen-14B-Q6_K,43,yes_no,1.0,1.0,,,,
0,DeepSeek-R1-Distill-Qwen-14B-Q6_K,22,yes_no,0.0,0.0,,,,
0,DeepSeek-R1-Distill-Qwen-14B-Q6_K,42,yes_no,0.0,0.0,,,,
0,DeepSeek-R1-Distill-Qwen-14B-Q6_K,64,yes_no,1.0,1.0,,,,
0,DeepSeek-R1-Distill-Qwen-14B-Q6_K,59,yes_no,1.0,1.0,,,,
0,DeepSeek-R1-Distill-Qwen-14B-Q6_K,94,yes_no,1.0,1.0,,,,
0,DeepSeek-R1-Distill-Qwen-14B-Q6_K,100,yes_no,0.0,0.0,,,,
0,DeepSeek-R1-Distill-Qwen-14B-Q6_K,19,yes_no,1.0,1.0,,,,
0,DeepSeek-R1-Distill-Qwen-14B-Q6_K,19,yes_no,1.0,1.0,,,,
0,DeepSeek-R1-Distill-Qwen-14B-Q6_K,42,yes_no,0.0,0.0,,,,
0,DeepSeek-R1-Distill-Qwen-14B-Q6_K,74,yes_no,0.0,0.0,,,,
0,DeepSeek-R1-Distill-Qwen-14B-Q6_K,21,yes_no,1.0,1.0,,,,
0,DeepSeek-R1-Distill-Qwen-14B-Q6_K,66,yes_no,0.0,0.0,,,,
0,DeepSeek-R1-Distill-Qwen-14B-Q6_K,43,yes_no,1.0,1.0,,,,
0,DeepSeek-R1-Distill-Qwen-14B-Q6_K,79,yes_no,1.0,1.0,,,,
0,DeepSeek-R1-Distill-Qwen-14B-Q6_K,36,yes_no,1.0,1.0,,,,
0,DeepSeek-R1-Distill-Qwen-14B-Q6_K,100,yes_no,0.0,0.0,,,,
0,DeepSeek-R1-Distill-Qwen-14B-Q6_K,19,yes_no,1.0,1.0,,,,
0,DeepSeek-R1-Distill-Qwen-14B-Q6_K,67,yes_no,1.0,1.0,,,,
0,DeepSeek-R1-Distill-Qwen-14B-Q6_K,82,yes_no,0.0,0.0,,,,
0,DeepSeek-R1-Distill-Qwen-14B-Q6_K,6,yes_no,1.0,1.0,,,,
0,DeepSeek-R1-Distill-Qwen-14B-Q6_K,67,yes_no,1.0,1.0,,,,
0,DeepSeek-R1-Distill-Qwen-14B-Q6_K,75,yes_no,0.0,0.0,,,,
0,DeepSeek-R1-Distill-Qwen-14B-Q6_K,69,yes_no,1.0,1.0,,,,
0,DeepSeek-R1-Distill-Qwen-14B-Q6_K,50,yes_no,0.0,0.0,,,,
0,DeepSeek-R1-Distill-Qwen-14B-Q6_K,69,yes_no,1.0,1.0,,,,
0,DeepSeek-R1-Distill-Qwen-14B-Q6_K,32,yes_no,0.0,0.0,,,,
0,DeepSeek-R1-Distill-Qwen-14B-Q6_K,57,yes_no,1.0,1.0,,,,
0,DeepSeek-R1-Distill-Qwen-14B-Q6_K,81,yes_no,0.0,0.0,,,,
0,DeepSeek-R1-Distill-Qwen-14B-Q6_K,174,short_answer,0.0,,,,,
0,DeepSeek-R1-Distill-Qwen-14B-Q6_K,122,short_answer,0.0,,,,,
0,DeepSeek-R1-Distill-Qwen-14B-Q6_K,156,short_answer,0.0,,,,,
0,DeepSeek-R1-Distill-Qwen-14B-Q6_K,171,short_answer,0.04444444444444445,,,,,
0,DeepSeek-R1-Distill-Qwen-14B-Q6_K,104,short_answer,0.23529411764705882,,,,,
0,DeepSeek-R1-Distill-Qwen-14B-Q6_K,149,short_answer,0.0,,,,,
0,DeepSeek-R1-Distill-Qwen-14B-Q6_K,187,short_answer,0.0,,,,,
0,DeepSeek-R1-Distill-Qwen-14B-Q6_K,149,short_answer,0.0,,,,,
0,DeepSeek-R1-Distill-Qwen-14B-Q6_K,124,short_answer,0.1904761904761905,,,,,
0,DeepSeek-R1-Distill-Qwen-14B-Q6_K,134,short_answer,0.6285714285714286,,,,,
0,DeepSeek-R1-Distill-Qwen-14B-Q6_K,173,short_answer,0.09999999999999999,,,,,
0,DeepSeek-R1-Distill-Qwen-14B-Q6_K,125,short_answer,0.0,,,,,
0,DeepSeek-R1-Distill-Qwen-14B-Q6_K,150,short_answer,0.923076923076923,,,,,
0,DeepSeek-R1-Distill-Qwen-14B-Q6_K,134,short_answer,0.6285714285714286,,,,,
0,DeepSeek-R1-Distill-Qwen-14B-Q6_K,129,short_answer,0.0,,,,,
0,DeepSeek-R1-Distill-Qwen-14B-Q6_K,104,short_answer,0.12121212121212122,,,,,
0,DeepSeek-R1-Distill-Qwen-14B-Q6_K,114,short_answer,0.14285714285714288,,,,,
0,DeepSeek-R1-Distill-Qwen-14B-Q6_K,115,short_answer,0.07142857142857144,,,,,
0,DeepSeek-R1-Distill-Qwen-14B-Q6_K,125,short_answer,0.0,,,,,
0,DeepSeek-R1-Distill-Qwen-14B-Q6_K,200,short_answer,0.0,,,,,
0,DeepSeek-R1-Distill-Qwen-14B-Q6_K,195,short_answer,0.47058823529411764,,,,,
0,DeepSeek-R1-Distill-Qwen-14B-Q6_K,148,short_answer,0.8000000000000002,,,,,
0,DeepSeek-R1-Distill-Qwen-14B-Q6_K,191,short_answer,0.5714285714285715,,,,,
0,DeepSeek-R1-Distill-Qwen-14B-Q6_K,157,short_answer,0.10526315789473682,,,,,
0,DeepSeek-R1-Distill-Qwen-14B-Q6_K,138,short_answer,0.8888888888888888,,,,,
0,DeepSeek-R1-Distill-Qwen-14B-Q6_K,198,short_answer,0.15,,,,,
0,DeepSeek-R1-Distill-Qwen-14B-Q6_K,108,short_answer,0.0,,,,,
0,DeepSeek-R1-Distill-Qwen-14B-Q6_K,180,short_answer,0.06060606060606061,,,,,
0,DeepSeek-R1-Distill-Qwen-14B-Q6_K,144,short_answer,0.3448275862068966,,,,,
0,DeepSeek-R1-Distill-Qwen-14B-Q6_K,163,short_answer,0.14285714285714285,,,,,
0,DeepSeek-R1-Distill-Qwen-14B-Q6_K,163,short_answer,0.14285714285714285,,,,,
0,DeepSeek-R1-Distill-Qwen-14B-Q6_K,111,short_answer,0.05263157894736842,,,,,
0,DeepSeek-R1-Distill-Qwen-14B-Q6_K,190,short_answer,0.0,,,,,
0,DeepSeek-R1-Distill-Qwen-14B-Q6_K,147,short_answer,0.6086956521739131,,,,,
0,DeepSeek-R1-Distill-Qwen-14B-Q6_K,179,short_answer,0.15384615384615383,,,,,
0,DeepSeek-R1-Distill-Qwen-14B-Q6_K,107,short_answer,0.17142857142857143,,,,,
0,DeepSeek-R1-Distill-Qwen-14B-Q6_K,171,short_answer,0.08695652173913045,,,,,
0,DeepSeek-R1-Distill-Qwen-14B-Q6_K,108,short_answer,0.0,,,,,
0,DeepSeek-R1-Distill-Qwen-14B-Q6_K,131,short_answer,0.0,,,,,
0,DeepSeek-R1-Distill-Qwen-14B-Q6_K,106,short_answer,0.5161290322580645,,,,,
0,DeepSeek-R1-Distill-Qwen-14B-Q6_K,165,short_answer,0.0,,,,,
0,DeepSeek-R1-Distill-Qwen-14B-Q6_K,136,short_answer,0.35294117647058826,,,,,
0,DeepSeek-R1-Distill-Qwen-14B-Q6_K,137,short_answer,0.0,,,,,
0,DeepSeek-R1-Distill-Qwen-14B-Q6_K,122,short_answer,0.0,,,,,
0,DeepSeek-R1-Distill-Qwen-14B-Q6_K,144,short_answer,0.32,,,,,
0,DeepSeek-R1-Distill-Qwen-14B-Q6_K,114,short_answer,0.14285714285714288,,,,,
0,DeepSeek-R1-Distill-Qwen-14B-Q6_K,169,short_answer,0.19999999999999998,,,,,
0,DeepSeek-R1-Distill-Qwen-14B-Q6_K,186,short_answer,0.19999999999999998,,,,,
0,DeepSeek-R1-Distill-Qwen-14B-Q6_K,160,short_answer,0.13333333333333333,,,,,
0,DeepSeek-R1-Distill-Qwen-14B-Q6_K,132,short_answer,0.24000000000000002,,,,,
0,DeepSeek-R1-Distill-Qwen-14B-Q6_K,118,short_answer,0.0,,,,,
0,DeepSeek-R1-Distill-Qwen-14B-Q6_K,196,short_answer,0.0,,,,,
0,DeepSeek-R1-Distill-Qwen-14B-Q6_K,153,short_answer,0.0,,,,,
0,DeepSeek-R1-Distill-Qwen-14B-Q6_K,140,short_answer,0.0,,,,,
0,DeepSeek-R1-Distill-Qwen-14B-Q6_K,185,short_answer,0.0,,,,,
0,DeepSeek-R1-Distill-Qwen-14B-Q6_K,101,short_answer,0.3529411764705882,,,,,
0,DeepSeek-R1-Distill-Qwen-14B-Q6_K,156,short_answer,0.0,,,,,
0,DeepSeek-R1-Distill-Qwen-14B-Q6_K,126,short_answer,0.0,,,,,
0,DeepSeek-R1-Distill-Qwen-14B-Q6_K,156,short_answer,0.0,,,,,
0,DeepSeek-R1-Distill-Qwen-14B-Q6_K,150,short_answer,0.923076923076923,,,,,
0,DeepSeek-R1-Distill-Qwen-14B-Q6_K,104,short_answer,0.23529411764705882,,,,,
0,DeepSeek-R1-Distill-Qwen-14B-Q6_K,199,short_answer,0.2857142857142857,,,,,
0,DeepSeek-R1-Distill-Qwen-14B-Q6_K,194,short_answer,0.0,,,,,
0,DeepSeek-R1-Distill-Qwen-14B-Q6_K,193,short_answer,0.0,,,,,
0,DeepSeek-R1-Distill-Qwen-14B-Q6_K,124,short_answer,0.21052631578947367,,,,,
0,DeepSeek-R1-Distill-Qwen-14B-Q6_K,166,short_answer,0.0,,,,,
0,DeepSeek-R1-Distill-Qwen-14B-Q6_K,138,short_answer,0.5925925925925926,,,,,
0,DeepSeek-R1-Distill-Qwen-14B-Q6_K,135,short_answer,0.5,,,,,
0,DeepSeek-R1-Distill-Qwen-14B-Q6_K,126,short_answer,0.0,,,,,
0,DeepSeek-R1-Distill-Qwen-14B-Q6_K,165,short_answer,0.2,,,,,
0,DeepSeek-R1-Distill-Qwen-14B-Q6_K,102,short_answer,0.21052631578947367,,,,,
0,DeepSeek-R1-Distill-Qwen-14B-Q6_K,104,short_answer,0.23529411764705882,,,,,
0,DeepSeek-R1-Distill-Qwen-14B-Q6_K,167,short_answer,0.5714285714285715,,,,,
0,DeepSeek-R1-Distill-Qwen-14B-Q6_K,126,short_answer,0.0,,,,,
0,DeepSeek-R1-Distill-Qwen-14B-Q6_K,155,short_answer,0.0,,,,,
0,DeepSeek-R1-Distill-Qwen-14B-Q6_K,168,short_answer,0.2666666666666667,,,,,
0,DeepSeek-R1-Distill-Qwen-14B-Q6_K,153,short_answer,0.0,,,,,
0,DeepSeek-R1-Distill-Qwen-14B-Q6_K,159,short_answer,0.08695652173913045,,,,,
0,DeepSeek-R1-Distill-Qwen-14B-Q6_K,137,short_answer,0.0,,,,,
0,DeepSeek-R1-Distill-Qwen-14B-Q6_K,103,short_answer,0.26666666666666666,,,,,
0,DeepSeek-R1-Distill-Qwen-14B-Q6_K,131,short_answer,0.0,,,,,
0,DeepSeek-R1-Distill-Qwen-14B-Q6_K,101,short_answer,0.46153846153846156,,,,,
0,DeepSeek-R1-Distill-Qwen-14B-Q6_K,132,short_answer,0.20689655172413793,,,,,
0,DeepSeek-R1-Distill-Qwen-14B-Q6_K,114,short_answer,0.14285714285714288,,,,,
0,DeepSeek-R1-Distill-Qwen-14B-Q6_K,181,short_answer,0.07142857142857144,,,,,
0,DeepSeek-R1-Distill-Qwen-14B-Q6_K,168,short_answer,0.13793103448275862,,,,,
0,DeepSeek-R1-Distill-Qwen-14B-Q6_K,109,short_answer,0.0,,,,,
0,DeepSeek-R1-Distill-Qwen-14B-Q6_K,164,short_answer,0.11764705882352941,,,,,
0,DeepSeek-R1-Distill-Qwen-14B-Q6_K,149,short_answer,0.0,,,,,
0,DeepSeek-R1-Distill-Qwen-14B-Q6_K,109,short_answer,0.0,,,,,
0,DeepSeek-R1-Distill-Qwen-14B-Q6_K,129,short_answer,0.0,,,,,
0,DeepSeek-R1-Distill-Qwen-14B-Q6_K,114,short_answer,0.14285714285714288,,,,,
0,DeepSeek-R1-Distill-Qwen-14B-Q6_K,119,short_answer,0.0,,,,,
0,DeepSeek-R1-Distill-Qwen-14B-Q6_K,116,short_answer,0.21052631578947367,,,,,
0,DeepSeek-R1-Distill-Qwen-14B-Q6_K,114,short_answer,0.14285714285714288,,,,,
0,DeepSeek-R1-Distill-Qwen-14B-Q6_K,111,short_answer,0.0,,,,,
0,DeepSeek-R1-Distill-Qwen-14B-Q6_K,114,short_answer,0.14285714285714288,,,,,
0,DeepSeek-R1-Distill-Qwen-14B-Q6_K,174,short_answer,0.0,,,,,
0,DeepSeek-R1-Distill-Qwen-14B-Q6_K,172,short_answer,0.0,,,,,
0,DeepSeek-R1-Distill-Qwen-14B-Q6_K,125,short_answer,0.0,,,,,
0,DeepSeek-R1-Distill-Qwen-14B-Q6_K,227,open_ended,,,0.5433526011560693,0.2906976744186046,0.29944677886879006,0.7546695470809937
0,DeepSeek-R1-Distill-Qwen-14B-Q6_K,300,open_ended,,,0.511764705882353,0.27218934911242604,0.27574175092428693,0.8116653561592102
0,DeepSeek-R1-Distill-Qwen-14B-Q6_K,281,open_ended,,,0.42145593869731807,0.21621621621621623,0.23782113002538213,0.7342836260795593
0,DeepSeek-R1-Distill-Qwen-14B-Q6_K,276,open_ended,,,0.5170731707317074,0.2463054187192118,0.3695542684462351,0.7395411729812622
0,DeepSeek-R1-Distill-Qwen-14B-Q6_K,273,open_ended,,,0.46153846153846156,0.2694300518134715,0.4494217537695799,0.7822363972663879
0,DeepSeek-R1-Distill-Qwen-14B-Q6_K,247,open_ended,,,0.6371191135734072,0.6016713091922006,0.3915548141266624,0.8765491247177124
0,DeepSeek-R1-Distill-Qwen-14B-Q6_K,270,open_ended,,,0.3814432989690722,0.13541666666666669,0.23209098476226064,0.7279381155967712
0,DeepSeek-R1-Distill-Qwen-14B-Q6_K,265,open_ended,,,0.6153846153846153,0.3495145631067962,0.574938537154838,0.7941060066223145
0,DeepSeek-R1-Distill-Qwen-14B-Q6_K,223,open_ended,,,0.640625,0.45549738219895286,0.4084501374390571,0.8085368275642395
0,DeepSeek-R1-Distill-Qwen-14B-Q6_K,261,open_ended,,,0.44339622641509435,0.16190476190476188,0.3288418128681984,0.7841228246688843
0,DeepSeek-R1-Distill-Qwen-14B-Q6_K,205,open_ended,,,0.5086705202312138,0.18604651162790697,0.3639804781773856,0.7544131278991699
0,DeepSeek-R1-Distill-Qwen-14B-Q6_K,253,open_ended,,,0.1739130434782609,0.1073170731707317,0.06951793062904175,0.7096115946769714
0,DeepSeek-R1-Distill-Qwen-14B-Q6_K,228,open_ended,,,0.4848484848484848,0.3353658536585366,0.26317899837893877,0.7871057391166687
0,DeepSeek-R1-Distill-Qwen-14B-Q6_K,212,open_ended,,,0.6424242424242425,0.32926829268292684,0.3858292807879305,0.7730213403701782
0,DeepSeek-R1-Distill-Qwen-14B-Q6_K,201,open_ended,,,0.3981900452488688,0.1004566210045662,0.2184768785801907,0.731812059879303
0,DeepSeek-R1-Distill-Qwen-14B-Q6_K,204,open_ended,,,0.40522875816993464,0.1381578947368421,0.17606148666581384,0.7044969201087952
0,DeepSeek-R1-Distill-Qwen-14B-Q6_K,287,open_ended,,,0.6646706586826348,0.4578313253012048,0.47191143442561384,0.8098867535591125
0,DeepSeek-R1-Distill-Qwen-14B-Q6_K,264,open_ended,,,0.24844720496894412,0.08805031446540881,0.11515159474343149,0.6757633090019226
0,DeepSeek-R1-Distill-Qwen-14B-Q6_K,220,open_ended,,,0.4875621890547264,0.24120603015075376,0.279199143214137,0.7542693018913269
0,DeepSeek-R1-Distill-Qwen-14B-Q6_K,215,open_ended,,,0.5114503816793893,0.25384615384615383,0.28513347874952516,0.758587658405304
0,DeepSeek-R1-Distill-Qwen-14B-Q6_K,251,open_ended,,,0.5,0.339622641509434,0.249165788341032,0.7755954265594482
0,DeepSeek-R1-Distill-Qwen-14B-Q6_K,264,open_ended,,,0.21000000000000002,0.0707070707070707,0.12992357875116498,0.6823717951774597
0,DeepSeek-R1-Distill-Qwen-14B-Q6_K,251,open_ended,,,0.43046357615894043,0.2733333333333334,0.2056902246109222,0.7692568898200989
0,DeepSeek-R1-Distill-Qwen-14B-Q6_K,226,open_ended,,,0.4676923076923077,0.19195046439628483,0.2012277056442861,0.7427308559417725
0,DeepSeek-R1-Distill-Qwen-14B-Q6_K,272,open_ended,,,0.5675675675675675,0.35616438356164387,0.5755885836711387,0.779178261756897
0,DeepSeek-R1-Distill-Qwen-14B-Q6_K,210,open_ended,,,0.8497409326424871,0.7539267015706806,0.77349180734856,0.8758349418640137
0,DeepSeek-R1-Distill-Qwen-14B-Q6_K,270,open_ended,,,0.39263803680981596,0.14906832298136644,0.21399572649572654,0.7324299812316895
0,DeepSeek-R1-Distill-Qwen-14B-Q6_K,263,open_ended,,,0.0,0.0,0.007052186177715092,0.5232775807380676
0,DeepSeek-R1-Distill-Qwen-14B-Q6_K,220,open_ended,,,0.4845814977973568,0.21333333333333332,0.2715760388751461,0.7251719236373901
0,DeepSeek-R1-Distill-Qwen-14B-Q6_K,208,open_ended,,,0.011173184357541898,0.0,0.006622516556291392,0.4816746711730957
0,DeepSeek-R1-Distill-Qwen-14B-Q6_K,253,open_ended,,,0.1739130434782609,0.1073170731707317,0.06951793062904175,0.7096115946769714
0,DeepSeek-R1-Distill-Qwen-14B-Q6_K,268,open_ended,,,0.5232558139534884,0.21176470588235297,0.2988939606741573,0.7595140337944031
0,DeepSeek-R1-Distill-Qwen-14B-Q6_K,218,open_ended,,,0.45962732919254656,0.16875,0.2574357025505709,0.7452889680862427
0,DeepSeek-R1-Distill-Qwen-14B-Q6_K,201,open_ended,,,0.39090909090909093,0.11009174311926605,0.23562345698141662,0.7328951358795166
0,DeepSeek-R1-Distill-Qwen-14B-Q6_K,213,open_ended,,,0.41216216216216217,0.21088435374149658,0.2067211030250589,0.7250510454177856
0,DeepSeek-R1-Distill-Qwen-14B-Q6_K,208,open_ended,,,0.011173184357541898,0.0,0.006622516556291392,0.4816746711730957
0,DeepSeek-R1-Distill-Qwen-14B-Q6_K,243,open_ended,,,0.33076923076923076,0.2248062015503876,0.18024249549205554,0.7554032206535339
0,DeepSeek-R1-Distill-Qwen-14B-Q6_K,254,open_ended,,,0.4065573770491803,0.10561056105610561,0.21661091075437908,0.7456624507904053
0,DeepSeek-R1-Distill-Qwen-14B-Q6_K,215,open_ended,,,0.47368421052631576,0.20454545454545459,0.26710212517156534,0.7449303269386292
0,DeepSeek-R1-Distill-Qwen-14B-Q6_K,221,open_ended,,,0.6451612903225806,0.35772357723577236,0.30947334071809873,0.7881382703781128
0,DeepSeek-R1-Distill-Qwen-14B-Q6_K,225,open_ended,,,0.4,0.14942528735632182,0.1993773110738522,0.7165058851242065
0,DeepSeek-R1-Distill-Qwen-14B-Q6_K,205,open_ended,,,0.46796657381615603,0.17366946778711487,0.3062962271715538,0.7524073719978333
0,DeepSeek-R1-Distill-Qwen-14B-Q6_K,204,open_ended,,,0.4105960264900662,0.15333333333333332,0.18360337439742908,0.7073545455932617
0,DeepSeek-R1-Distill-Qwen-14B-Q6_K,247,open_ended,,,0.6166666666666667,0.5530726256983239,0.34203409424850156,0.8488698601722717
0,DeepSeek-R1-Distill-Qwen-14B-Q6_K,294,open_ended,,,0.4028776978417266,0.2773722627737226,0.3300655197976627,0.782110333442688
0,DeepSeek-R1-Distill-Qwen-14B-Q6_K,251,open_ended,,,0.45333333333333337,0.34228187919463093,0.2275102970001485,0.7904008626937866
0,DeepSeek-R1-Distill-Qwen-14B-Q6_K,233,open_ended,,,0.6036745406824148,0.43799472295514513,0.3410154523129126,0.8122681379318237
0,DeepSeek-R1-Distill-Qwen-14B-Q6_K,235,open_ended,,,0.5465116279069766,0.4152046783625731,0.3124269473414055,0.8144753575325012
0,DeepSeek-R1-Distill-Qwen-14B-Q6_K,300,open_ended,,,0.5340599455040871,0.26301369863013696,0.30284777102330296,0.8089622259140015
0,DeepSeek-R1-Distill-Qwen-14B-Q6_K,236,open_ended,,,0.35810810810810806,0.1360544217687075,0.19168595139953845,0.7640105485916138
0,DeepSeek-R1-Distill-Qwen-14B-Q6_K,270,open_ended,,,0.3930635838150289,0.14035087719298245,0.228931930246019,0.7181631326675415
0,DeepSeek-R1-Distill-Qwen-14B-Q6_K,222,open_ended,,,0.5329153605015674,0.2712933753943218,0.2907428824370278,0.7385779619216919
0,DeepSeek-R1-Distill-Qwen-14B-Q6_K,278,open_ended,,,0.359375,0.11111111111111112,0.2110320102432779,0.7386516332626343
0,DeepSeek-R1-Distill-Qwen-14B-Q6_K,259,open_ended,,,0.0,0.0,0.005704506560182545,0.4870398938655853
0,DeepSeek-R1-Distill-Qwen-14B-Q6_K,201,open_ended,,,0.39999999999999997,0.12556053811659193,0.22243297817494412,0.7309136986732483
0,DeepSeek-R1-Distill-Qwen-14B-Q6_K,284,open_ended,,,0.6912751677852349,0.4864864864864865,0.5539083850467124,0.794506847858429
0,DeepSeek-R1-Distill-Qwen-14B-Q6_K,246,open_ended,,,0.3481012658227848,0.15286624203821655,0.140117994100295,0.7598028182983398
0,DeepSeek-R1-Distill-Qwen-14B-Q6_K,265,open_ended,,,0.6153846153846153,0.3495145631067962,0.574938537154838,0.7941060066223145
0,DeepSeek-R1-Distill-Qwen-14B-Q6_K,210,open_ended,,,0.7071823204419889,0.5698324022346368,0.47428473745351146,0.8630794882774353
0,DeepSeek-R1-Distill-Qwen-14B-Q6_K,232,open_ended,,,0.45622119815668205,0.1388888888888889,0.26272469316824154,0.7285234928131104
0,DeepSeek-R1-Distill-Qwen-14B-Q6_K,245,open_ended,,,0.4022038567493113,0.0997229916897507,0.18797596008129996,0.7584322690963745
0,DeepSeek-R1-Distill-Qwen-14B-Q6_K,242,open_ended,,,0.4620689655172413,0.3194444444444445,0.2534840574707684,0.8073830604553223
0,DeepSeek-R1-Distill-Qwen-14B-Q6_K,299,open_ended,,,0.5333333333333334,0.3243243243243243,0.406351518361582,0.737485945224762
0,DeepSeek-R1-Distill-Qwen-14B-Q6_K,228,open_ended,,,0.4853801169590643,0.3176470588235294,0.2771878026153701,0.7797796726226807
0,DeepSeek-R1-Distill-Qwen-14B-Q6_K,267,open_ended,,,0.5365853658536586,0.374384236453202,0.41120381848957144,0.7882528305053711
0,DeepSeek-R1-Distill-Qwen-14B-Q6_K,210,open_ended,,,0.8497409326424871,0.7539267015706806,0.77349180734856,0.8758349418640137
0,DeepSeek-R1-Distill-Qwen-14B-Q6_K,211,open_ended,,,0.4982456140350878,0.2968197879858658,0.2311373184582685,0.7702218890190125
0,DeepSeek-R1-Distill-Qwen-14B-Q6_K,205,open_ended,,,0.4685714285714286,0.1724137931034483,0.3093589457225821,0.7518245577812195
0,DeepSeek-R1-Distill-Qwen-14B-Q6_K,225,open_ended,,,0.38575667655786355,0.1253731343283582,0.18999309098639452,0.7007334232330322
0,DeepSeek-R1-Distill-Qwen-14B-Q6_K,228,open_ended,,,0.498567335243553,0.31700288184438047,0.27092464045948034,0.7824644446372986
0,DeepSeek-R1-Distill-Qwen-14B-Q6_K,207,open_ended,,,0.4631043256997456,0.17902813299232737,0.2964341397143726,0.6898687481880188
0,DeepSeek-R1-Distill-Qwen-14B-Q6_K,251,open_ended,,,0.456953642384106,0.32,0.20404954504053607,0.7867583632469177
0,DeepSeek-R1-Distill-Qwen-14B-Q6_K,244,open_ended,,,0.48253968253968244,0.3450479233226837,0.2982038567493112,0.8386072516441345
0,DeepSeek-R1-Distill-Qwen-14B-Q6_K,201,open_ended,,,0.4147465437788019,0.13023255813953485,0.2495826526246091,0.7427968978881836
0,DeepSeek-R1-Distill-Qwen-14B-Q6_K,256,open_ended,,,0.5028571428571429,0.28160919540229884,0.4100172865625927,0.7535526156425476
0,DeepSeek-R1-Distill-Qwen-14B-Q6_K,255,open_ended,,,0.13333333333333333,0.0,0.0872093023255814,0.6299378275871277
0,DeepSeek-R1-Distill-Qwen-14B-Q6_K,229,open_ended,,,0.4425887265135699,0.13417190775681342,0.2627747803556465,0.7142148017883301
0,DeepSeek-R1-Distill-Qwen-14B-Q6_K,268,open_ended,,,0.5232558139534884,0.21176470588235297,0.2988939606741573,0.7595140337944031
0,DeepSeek-R1-Distill-Qwen-14B-Q6_K,223,open_ended,,,0.5362318840579711,0.3349514563106796,0.33938199351062864,0.7332226634025574
0,DeepSeek-R1-Distill-Qwen-14B-Q6_K,254,open_ended,,,0.3884892086330935,0.15942028985507245,0.19640646079679694,0.7559545040130615
0,DeepSeek-R1-Distill-Qwen-14B-Q6_K,243,open_ended,,,0.3371647509578544,0.2393822393822394,0.18836490569682257,0.7588052749633789
0,DeepSeek-R1-Distill-Qwen-14B-Q6_K,252,open_ended,,,0.42857142857142855,0.1625,0.23555192955192952,0.74922776222229
0,DeepSeek-R1-Distill-Qwen-14B-Q6_K,205,open_ended,,,0.47752808988764045,0.15254237288135594,0.3126494675947574,0.7522249221801758
0,DeepSeek-R1-Distill-Qwen-14B-Q6_K,211,open_ended,,,0.6096866096866096,0.326647564469914,0.3837424637644381,0.8112216591835022
0,DeepSeek-R1-Distill-Qwen-14B-Q6_K,257,open_ended,,,0.35036496350364965,0.10370370370370369,0.28953229398663693,0.7225520014762878
0,DeepSeek-R1-Distill-Qwen-14B-Q6_K,220,open_ended,,,0.4730290456431535,0.18410041841004185,0.32255614912732533,0.7394195199012756
0,DeepSeek-R1-Distill-Qwen-14B-Q6_K,205,open_ended,,,0.489247311827957,0.18378378378378377,0.3505887858029969,0.74656081199646
0,DeepSeek-R1-Distill-Qwen-14B-Q6_K,261,open_ended,,,0.3842364532019705,0.15920398009950248,0.2623708381171068,0.7910795211791992
0,DeepSeek-R1-Distill-Qwen-14B-Q6_K,291,open_ended,,,0.3167848699763593,0.09501187648456057,0.2783492048816569,0.6958433389663696
0,DeepSeek-R1-Distill-Qwen-14B-Q6_K,292,open_ended,,,0.5922330097087379,0.4313725490196078,0.4340999936838496,0.7482721209526062
0,DeepSeek-R1-Distill-Qwen-14B-Q6_K,267,open_ended,,,0.5277777777777778,0.37383177570093457,0.4454807117224881,0.773284375667572
0,DeepSeek-R1-Distill-Qwen-14B-Q6_K,277,open_ended,,,0.3103448275862069,0.06956521739130435,0.21123534813374384,0.725806474685669
0,DeepSeek-R1-Distill-Qwen-14B-Q6_K,274,open_ended,,,0.37438423645320196,0.1492537313432836,0.2615200135156896,0.7270013689994812
0,DeepSeek-R1-Distill-Qwen-14B-Q6_K,218,open_ended,,,0.4146341463414634,0.14110429447852763,0.22472187383872166,0.7144777774810791
0,DeepSeek-R1-Distill-Qwen-14B-Q6_K,222,open_ended,,,0.5562130177514792,0.2738095238095238,0.30957875948863345,0.75031977891922
0,DeepSeek-R1-Distill-Qwen-14B-Q6_K,251,open_ended,,,0.4563758389261745,0.3378378378378379,0.22773544326140543,0.7874146103858948
0,DeepSeek-R1-Distill-Qwen-14B-Q6_K,265,open_ended,,,0.6183574879227053,0.351219512195122,0.5755941113135093,0.7986685037612915
0,DeepSeek-R1-Distill-Qwen-14B-Q6_K,219,open_ended,,,0.36293436293436293,0.07782101167315174,0.15064514237119142,0.7377054691314697
0,DeepSeek-R1-Distill-Qwen-14B-Q6_K,267,open_ended,,,0.5520833333333333,0.4105263157894737,0.42237199231496453,0.7801139950752258
0,DeepSeek-R1-Distill-Qwen-14B-Q6_K,289,open_ended,,,0.48888888888888893,0.33707865168539325,0.30027386541471046,0.777813196182251
1,DeepSeek-R1-Distill-Qwen-14B-Q6_K,57,yes_no,1.0,1.0,,,,
1,DeepSeek-R1-Distill-Qwen-14B-Q6_K,37,yes_no,1.0,1.0,,,,
1,DeepSeek-R1-Distill-Qwen-14B-Q6_K,91,yes_no,0.0,0.0,,,,
1,DeepSeek-R1-Distill-Qwen-14B-Q6_K,72,yes_no,1.0,1.0,,,,
1,DeepSeek-R1-Distill-Qwen-14B-Q6_K,73,yes_no,1.0,1.0,,,,
1,DeepSeek-R1-Distill-Qwen-14B-Q6_K,100,yes_no,0.0,0.0,,,,
1,DeepSeek-R1-Distill-Qwen-14B-Q6_K,38,yes_no,0.0,0.0,,,,
1,DeepSeek-R1-Distill-Qwen-14B-Q6_K,34,yes_no,1.0,1.0,,,,
1,DeepSeek-R1-Distill-Qwen-14B-Q6_K,58,yes_no,1.0,1.0,,,,
1,DeepSeek-R1-Distill-Qwen-14B-Q6_K,20,yes_no,0.0,0.0,,,,
1,DeepSeek-R1-Distill-Qwen-14B-Q6_K,67,yes_no,1.0,1.0,,,,
1,DeepSeek-R1-Distill-Qwen-14B-Q6_K,90,yes_no,1.0,1.0,,,,
1,DeepSeek-R1-Distill-Qwen-14B-Q6_K,16,yes_no,0.0,0.0,,,,
1,DeepSeek-R1-Distill-Qwen-14B-Q6_K,100,yes_no,0.0,0.0,,,,
1,DeepSeek-R1-Distill-Qwen-14B-Q6_K,86,yes_no,1.0,1.0,,,,
1,DeepSeek-R1-Distill-Qwen-14B-Q6_K,98,yes_no,0.0,0.0,,,,
1,DeepSeek-R1-Distill-Qwen-14B-Q6_K,47,yes_no,1.0,1.0,,,,
1,DeepSeek-R1-Distill-Qwen-14B-Q6_K,50,yes_no,0.0,0.0,,,,
1,DeepSeek-R1-Distill-Qwen-14B-Q6_K,72,yes_no,1.0,1.0,,,,
1,DeepSeek-R1-Distill-Qwen-14B-Q6_K,9,yes_no,0.0,0.0,,,,
1,DeepSeek-R1-Distill-Qwen-14B-Q6_K,75,yes_no,0.0,0.0,,,,
1,DeepSeek-R1-Distill-Qwen-14B-Q6_K,27,yes_no,1.0,1.0,,,,
1,DeepSeek-R1-Distill-Qwen-14B-Q6_K,77,yes_no,0.0,0.0,,,,
1,DeepSeek-R1-Distill-Qwen-14B-Q6_K,83,yes_no,1.0,1.0,,,,
1,DeepSeek-R1-Distill-Qwen-14B-Q6_K,58,yes_no,1.0,1.0,,,,
1,DeepSeek-R1-Distill-Qwen-14B-Q6_K,88,yes_no,1.0,1.0,,,,
1,DeepSeek-R1-Distill-Qwen-14B-Q6_K,48,yes_no,0.0,0.0,,,,
1,DeepSeek-R1-Distill-Qwen-14B-Q6_K,37,yes_no,1.0,1.0,,,,
1,DeepSeek-R1-Distill-Qwen-14B-Q6_K,82,yes_no,0.0,0.0,,,,
1,DeepSeek-R1-Distill-Qwen-14B-Q6_K,25,yes_no,1.0,1.0,,,,
1,DeepSeek-R1-Distill-Qwen-14B-Q6_K,70,yes_no,0.0,0.0,,,,
1,DeepSeek-R1-Distill-Qwen-14B-Q6_K,3,yes_no,0.0,0.0,,,,
1,DeepSeek-R1-Distill-Qwen-14B-Q6_K,33,yes_no,1.0,1.0,,,,
1,DeepSeek-R1-Distill-Qwen-14B-Q6_K,84,yes_no,1.0,1.0,,,,
1,DeepSeek-R1-Distill-Qwen-14B-Q6_K,12,yes_no,1.0,1.0,,,,
1,DeepSeek-R1-Distill-Qwen-14B-Q6_K,22,yes_no,0.0,0.0,,,,
1,DeepSeek-R1-Distill-Qwen-14B-Q6_K,50,yes_no,0.0,0.0,,,,
1,DeepSeek-R1-Distill-Qwen-14B-Q6_K,99,yes_no,1.0,1.0,,,,
1,DeepSeek-R1-Distill-Qwen-14B-Q6_K,51,yes_no,1.0,1.0,,,,
1,DeepSeek-R1-Distill-Qwen-14B-Q6_K,2,yes_no,1.0,1.0,,,,
1,DeepSeek-R1-Distill-Qwen-14B-Q6_K,58,yes_no,1.0,1.0,,,,
1,DeepSeek-R1-Distill-Qwen-14B-Q6_K,88,yes_no,1.0,1.0,,,,
1,DeepSeek-R1-Distill-Qwen-14B-Q6_K,52,yes_no,1.0,1.0,,,,
1,DeepSeek-R1-Distill-Qwen-14B-Q6_K,13,yes_no,1.0,1.0,,,,
1,DeepSeek-R1-Distill-Qwen-14B-Q6_K,19,yes_no,1.0,1.0,,,,
1,DeepSeek-R1-Distill-Qwen-14B-Q6_K,29,yes_no,1.0,1.0,,,,
1,DeepSeek-R1-Distill-Qwen-14B-Q6_K,79,yes_no,1.0,1.0,,,,
1,DeepSeek-R1-Distill-Qwen-14B-Q6_K,31,yes_no,1.0,1.0,,,,
1,DeepSeek-R1-Distill-Qwen-14B-Q6_K,33,yes_no,1.0,1.0,,,,
1,DeepSeek-R1-Distill-Qwen-14B-Q6_K,78,yes_no,0.0,0.0,,,,
1,DeepSeek-R1-Distill-Qwen-14B-Q6_K,39,yes_no,1.0,1.0,,,,
1,DeepSeek-R1-Distill-Qwen-14B-Q6_K,2,yes_no,1.0,1.0,,,,
1,DeepSeek-R1-Distill-Qwen-14B-Q6_K,71,yes_no,1.0,1.0,,,,
1,DeepSeek-R1-Distill-Qwen-14B-Q6_K,47,yes_no,1.0,1.0,,,,
1,DeepSeek-R1-Distill-Qwen-14B-Q6_K,63,yes_no,0.0,0.0,,,,
1,DeepSeek-R1-Distill-Qwen-14B-Q6_K,39,yes_no,1.0,1.0,,,,
1,DeepSeek-R1-Distill-Qwen-14B-Q6_K,93,yes_no,1.0,1.0,,,,
1,DeepSeek-R1-Distill-Qwen-14B-Q6_K,100,yes_no,0.0,0.0,,,,
1,DeepSeek-R1-Distill-Qwen-14B-Q6_K,87,yes_no,1.0,1.0,,,,
1,DeepSeek-R1-Distill-Qwen-14B-Q6_K,25,yes_no,1.0,1.0,,,,
1,DeepSeek-R1-Distill-Qwen-14B-Q6_K,90,yes_no,1.0,1.0,,,,
1,DeepSeek-R1-Distill-Qwen-14B-Q6_K,12,yes_no,1.0,1.0,,,,
1,DeepSeek-R1-Distill-Qwen-14B-Q6_K,95,yes_no,0.0,0.0,,,,
1,DeepSeek-R1-Distill-Qwen-14B-Q6_K,99,yes_no,1.0,1.0,,,,
1,DeepSeek-R1-Distill-Qwen-14B-Q6_K,19,yes_no,1.0,1.0,,,,
1,DeepSeek-R1-Distill-Qwen-14B-Q6_K,61,yes_no,1.0,1.0,,,,
1,DeepSeek-R1-Distill-Qwen-14B-Q6_K,38,yes_no,0.0,0.0,,,,
1,DeepSeek-R1-Distill-Qwen-14B-Q6_K,7,yes_no,1.0,1.0,,,,
1,DeepSeek-R1-Distill-Qwen-14B-Q6_K,75,yes_no,0.0,0.0,,,,
1,DeepSeek-R1-Distill-Qwen-14B-Q6_K,88,yes_no,1.0,1.0,,,,
1,DeepSeek-R1-Distill-Qwen-14B-Q6_K,16,yes_no,0.0,0.0,,,,
1,DeepSeek-R1-Distill-Qwen-14B-Q6_K,59,yes_no,1.0,1.0,,,,
1,DeepSeek-R1-Distill-Qwen-14B-Q6_K,20,yes_no,0.0,0.0,,,,
1,DeepSeek-R1-Distill-Qwen-14B-Q6_K,6,yes_no,1.0,1.0,,,,
1,DeepSeek-R1-Distill-Qwen-14B-Q6_K,94,yes_no,1.0,1.0,,,,
1,DeepSeek-R1-Distill-Qwen-14B-Q6_K,23,yes_no,0.0,0.0,,,,
1,DeepSeek-R1-Distill-Qwen-14B-Q6_K,52,yes_no,1.0,1.0,,,,
1,DeepSeek-R1-Distill-Qwen-14B-Q6_K,1,yes_no,0.0,0.0,,,,
1,DeepSeek-R1-Distill-Qwen-14B-Q6_K,80,yes_no,0.0,0.0,,,,
1,DeepSeek-R1-Distill-Qwen-14B-Q6_K,6,yes_no,1.0,1.0,,,,
1,DeepSeek-R1-Distill-Qwen-14B-Q6_K,66,yes_no,0.0,0.0,,,,
1,DeepSeek-R1-Distill-Qwen-14B-Q6_K,47,yes_no,1.0,1.0,,,,
1,DeepSeek-R1-Distill-Qwen-14B-Q6_K,91,yes_no,0.0,0.0,,,,
1,DeepSeek-R1-Distill-Qwen-14B-Q6_K,68,yes_no,1.0,1.0,,,,
1,DeepSeek-R1-Distill-Qwen-14B-Q6_K,6,yes_no,1.0,1.0,,,,
1,DeepSeek-R1-Distill-Qwen-14B-Q6_K,88,yes_no,1.0,1.0,,,,
1,DeepSeek-R1-Distill-Qwen-14B-Q6_K,19,yes_no,1.0,1.0,,,,
1,DeepSeek-R1-Distill-Qwen-14B-Q6_K,91,yes_no,0.0,0.0,,,,
1,DeepSeek-R1-Distill-Qwen-14B-Q6_K,10,yes_no,1.0,1.0,,,,
1,DeepSeek-R1-Distill-Qwen-14B-Q6_K,59,yes_no,1.0,1.0,,,,
1,DeepSeek-R1-Distill-Qwen-14B-Q6_K,6,yes_no,1.0,1.0,,,,
1,DeepSeek-R1-Distill-Qwen-14B-Q6_K,2,yes_no,1.0,1.0,,,,
1,DeepSeek-R1-Distill-Qwen-14B-Q6_K,2,yes_no,1.0,1.0,,,,
1,DeepSeek-R1-Distill-Qwen-14B-Q6_K,42,yes_no,0.0,0.0,,,,
1,DeepSeek-R1-Distill-Qwen-14B-Q6_K,59,yes_no,1.0,1.0,,,,
1,DeepSeek-R1-Distill-Qwen-14B-Q6_K,77,yes_no,0.0,0.0,,,,
1,DeepSeek-R1-Distill-Qwen-14B-Q6_K,85,yes_no,0.0,0.0,,,,
1,DeepSeek-R1-Distill-Qwen-14B-Q6_K,31,yes_no,1.0,1.0,,,,
1,DeepSeek-R1-Distill-Qwen-14B-Q6_K,32,yes_no,0.0,0.0,,,,
1,DeepSeek-R1-Distill-Qwen-14B-Q6_K,16,yes_no,0.0,0.0,,,,
1,DeepSeek-R1-Distill-Qwen-14B-Q6_K,168,short_answer,0.13793103448275862,,,,,
1,DeepSeek-R1-Distill-Qwen-14B-Q6_K,104,short_answer,0.2666666666666667,,,,,
1,DeepSeek-R1-Distill-Qwen-14B-Q6_K,119,short_answer,0.0,,,,,
1,DeepSeek-R1-Distill-Qwen-14B-Q6_K,200,short_answer,0.0,,,,,
1,DeepSeek-R1-Distill-Qwen-14B-Q6_K,102,short_answer,0.8,,,,,
1,DeepSeek-R1-Distill-Qwen-14B-Q6_K,188,short_answer,0.39215686274509803,,,,,
1,DeepSeek-R1-Distill-Qwen-14B-Q6_K,101,short_answer,0.3529411764705882,,,,,
1,DeepSeek-R1-Distill-Qwen-14B-Q6_K,144,short_answer,0.27586206896551724,,,,,
1,DeepSeek-R1-Distill-Qwen-14B-Q6_K,146,short_answer,0.6956521739130436,,,,,
1,DeepSeek-R1-Distill-Qwen-14B-Q6_K,194,short_answer,0.0,,,,,
1,DeepSeek-R1-Distill-Qwen-14B-Q6_K,195,short_answer,0.21052631578947367,,,,,
1,DeepSeek-R1-Distill-Qwen-14B-Q6_K,193,short_answer,0.0,,,,,
1,DeepSeek-R1-Distill-Qwen-14B-Q6_K,150,short_answer,0.923076923076923,,,,,
1,DeepSeek-R1-Distill-Qwen-14B-Q6_K,151,short_answer,0.5714285714285714,,,,,
1,DeepSeek-R1-Distill-Qwen-14B-Q6_K,109,short_answer,0.0,,,,,
1,DeepSeek-R1-Distill-Qwen-14B-Q6_K,150,short_answer,0.923076923076923,,,,,
1,DeepSeek-R1-Distill-Qwen-14B-Q6_K,197,short_answer,0.0,,,,,
1,DeepSeek-R1-Distill-Qwen-14B-Q6_K,175,short_answer,0.5333333333333333,,,,,
1,DeepSeek-R1-Distill-Qwen-14B-Q6_K,126,short_answer,0.0,,,,,
1,DeepSeek-R1-Distill-Qwen-14B-Q6_K,183,short_answer,0.10526315789473684,,,,,
1,DeepSeek-R1-Distill-Qwen-14B-Q6_K,140,short_answer,0.0,,,,,
1,DeepSeek-R1-Distill-Qwen-14B-Q6_K,143,short_answer,0.0,,,,,
1,DeepSeek-R1-Distill-Qwen-14B-Q6_K,168,short_answer,0.15384615384615385,,,,,
1,DeepSeek-R1-Distill-Qwen-14B-Q6_K,177,short_answer,0.3157894736842105,,,,,
1,DeepSeek-R1-Distill-Qwen-14B-Q6_K,179,short_answer,0.15384615384615383,,,,,
1,DeepSeek-R1-Distill-Qwen-14B-Q6_K,161,short_answer,0.09523809523809525,,,,,
1,DeepSeek-R1-Distill-Qwen-14B-Q6_K,180,short_answer,0.05555555555555555,,,,,
1,DeepSeek-R1-Distill-Qwen-14B-Q6_K,129,short_answer,0.0,,,,,
1,DeepSeek-R1-Distill-Qwen-14B-Q6_K,110,short_answer,0.0,,,,,
1,DeepSeek-R1-Distill-Qwen-14B-Q6_K,132,short_answer,0.24000000000000002,,,,,
1,DeepSeek-R1-Distill-Qwen-14B-Q6_K,120,short_answer,0.0,,,,,
1,DeepSeek-R1-Distill-Qwen-14B-Q6_K,102,short_answer,0.21052631578947367,,,,,
1,DeepSeek-R1-Distill-Qwen-14B-Q6_K,159,short_answer,0.08695652173913045,,,,,
1,DeepSeek-R1-Distill-Qwen-14B-Q6_K,131,short_answer,0.0,,,,,
1,DeepSeek-R1-Distill-Qwen-14B-Q6_K,143,short_answer,0.0,,,,,
1,DeepSeek-R1-Distill-Qwen-14B-Q6_K,165,short_answer,0.2,,,,,
1,DeepSeek-R1-Distill-Qwen-14B-Q6_K,118,short_answer,0.0,,,,,
1,DeepSeek-R1-Distill-Qwen-14B-Q6_K,143,short_answer,0.0,,,,,
1,DeepSeek-R1-Distill-Qwen-14B-Q6_K,159,short_answer,0.07999999999999999,,,,,
1,DeepSeek-R1-Distill-Qwen-14B-Q6_K,198,short_answer,0.15,,,,,
1,DeepSeek-R1-Distill-Qwen-14B-Q6_K,182,short_answer,0.18181818181818182,,,,,
1,DeepSeek-R1-Distill-Qwen-14B-Q6_K,117,short_answer,0.2666666666666667,,,,,
1,DeepSeek-R1-Distill-Qwen-14B-Q6_K,156,short_answer,0.0,,,,,
1,DeepSeek-R1-Distill-Qwen-14B-Q6_K,124,short_answer,0.21052631578947367,,,,,
1,DeepSeek-R1-Distill-Qwen-14B-Q6_K,198,short_answer,0.15,,,,,
1,DeepSeek-R1-Distill-Qwen-14B-Q6_K,128,short_answer,0.0,,,,,
1,DeepSeek-R1-Distill-Qwen-14B-Q6_K,128,short_answer,0.0,,,,,
1,DeepSeek-R1-Distill-Qwen-14B-Q6_K,108,short_answer,0.0,,,,,
1,DeepSeek-R1-Distill-Qwen-14B-Q6_K,155,short_answer,0.0,,,,,
1,DeepSeek-R1-Distill-Qwen-14B-Q6_K,196,short_answer,0.0,,,,,
1,DeepSeek-R1-Distill-Qwen-14B-Q6_K,165,short_answer,0.3636363636363636,,,,,
1,DeepSeek-R1-Distill-Qwen-14B-Q6_K,131,short_answer,0.0,,,,,
1,DeepSeek-R1-Distill-Qwen-14B-Q6_K,164,short_answer,0.06060606060606061,,,,,
1,DeepSeek-R1-Distill-Qwen-14B-Q6_K,149,short_answer,0.0,,,,,
1,DeepSeek-R1-Distill-Qwen-14B-Q6_K,189,short_answer,0.18181818181818182,,,,,
1,DeepSeek-R1-Distill-Qwen-14B-Q6_K,200,short_answer,0.0,,,,,
1,DeepSeek-R1-Distill-Qwen-14B-Q6_K,118,short_answer,0.0,,,,,
1,DeepSeek-R1-Distill-Qwen-14B-Q6_K,147,short_answer,0.9333333333333333,,,,,
1,DeepSeek-R1-Distill-Qwen-14B-Q6_K,181,short_answer,0.07142857142857144,,,,,
1,DeepSeek-R1-Distill-Qwen-14B-Q6_K,105,short_answer,0.37037037037037035,,,,,
1,DeepSeek-R1-Distill-Qwen-14B-Q6_K,157,short_answer,0.05555555555555555,,,,,
1,DeepSeek-R1-Distill-Qwen-14B-Q6_K,105,short_answer,0.30303030303030304,,,,,
1,DeepSeek-R1-Distill-Qwen-14B-Q6_K,144,short_answer,0.3448275862068966,,,,,
1,DeepSeek-R1-Distill-Qwen-14B-Q6_K,152,short_answer,0.7692307692307692,,,,,
1,DeepSeek-R1-Distill-Qwen-14B-Q6_K,143,short_answer,0.0,,,,,
1,DeepSeek-R1-Distill-Qwen-14B-Q6_K,170,short_answer,0.09523809523809523,,,,,
1,DeepSeek-R1-Distill-Qwen-14B-Q6_K,190,short_answer,0.0,,,,,
1,DeepSeek-R1-Distill-Qwen-14B-Q6_K,193,short_answer,0.0,,,,,
1,DeepSeek-R1-Distill-Qwen-14B-Q6_K,197,short_answer,0.0,,,,,
1,DeepSeek-R1-Distill-Qwen-14B-Q6_K,161,short_answer,0.09523809523809525,,,,,
1,DeepSeek-R1-Distill-Qwen-14B-Q6_K,175,short_answer,0.3076923076923077,,,,,
1,DeepSeek-R1-Distill-Qwen-14B-Q6_K,182,short_answer,0.18181818181818182,,,,,
1,DeepSeek-R1-Distill-Qwen-14B-Q6_K,112,short_answer,0.0,,,,,
1,DeepSeek-R1-Distill-Qwen-14B-Q6_K,177,short_answer,0.18181818181818182,,,,,
1,DeepSeek-R1-Distill-Qwen-14B-Q6_K,196,short_answer,0.0,,,,,
1,DeepSeek-R1-Distill-Qwen-14B-Q6_K,177,short_answer,0.2608695652173913,,,,,
1,DeepSeek-R1-Distill-Qwen-14B-Q6_K,187,short_answer,0.0,,,,,
1,DeepSeek-R1-Distill-Qwen-14B-Q6_K,143,short_answer,0.0,,,,,
1,DeepSeek-R1-Distill-Qwen-14B-Q6_K,103,short_answer,0.13793103448275862,,,,,
1,DeepSeek-R1-Distill-Qwen-14B-Q6_K,130,short_answer,0.0,,,,,
1,DeepSeek-R1-Distill-Qwen-14B-Q6_K,200,short_answer,0.0,,,,,
1,DeepSeek-R1-Distill-Qwen-14B-Q6_K,121,short_answer,0.1111111111111111,,,,,
1,DeepSeek-R1-Distill-Qwen-14B-Q6_K,144,short_answer,0.32,,,,,
1,DeepSeek-R1-Distill-Qwen-14B-Q6_K,108,short_answer,0.0,,,,,
1,DeepSeek-R1-Distill-Qwen-14B-Q6_K,139,short_answer,0.48484848484848486,,,,,
1,DeepSeek-R1-Distill-Qwen-14B-Q6_K,178,short_answer,0.5882352941176471,,,,,
1,DeepSeek-R1-Distill-Qwen-14B-Q6_K,121,short_answer,0.1111111111111111,,,,,
1,DeepSeek-R1-Distill-Qwen-14B-Q6_K,130,short_answer,0.0,,,,,
1,DeepSeek-R1-Distill-Qwen-14B-Q6_K,131,short_answer,0.0,,,,,
1,DeepSeek-R1-Distill-Qwen-14B-Q6_K,107,short_answer,0.17142857142857143,,,,,
1,DeepSeek-R1-Distill-Qwen-14B-Q6_K,195,short_answer,0.21052631578947367,,,,,
1,DeepSeek-R1-Distill-Qwen-14B-Q6_K,103,short_answer,0.26666666666666666,,,,,
1,DeepSeek-R1-Distill-Qwen-14B-Q6_K,120,short_answer,0.09523809523809525,,,,,
1,DeepSeek-R1-Distill-Qwen-14B-Q6_K,116,short_answer,0.21052631578947367,,,,,
1,DeepSeek-R1-Distill-Qwen-14B-Q6_K,141,short_answer,0.0,,,,,
1,DeepSeek-R1-Distill-Qwen-14B-Q6_K,172,short_answer,0.0,,,,,
1,DeepSeek-R1-Distill-Qwen-14B-Q6_K,195,short_answer,0.21052631578947367,,,,,
1,DeepSeek-R1-Distill-Qwen-14B-Q6_K,181,short_answer,0.07142857142857144,,,,,
1,DeepSeek-R1-Distill-Qwen-14B-Q6_K,122,short_answer,0.0,,,,,
1,DeepSeek-R1-Distill-Qwen-14B-Q6_K,147,short_answer,0.6086956521739131,,,,,
1,DeepSeek-R1-Distill-Qwen-14B-Q6_K,255,open_ended,,,0.13333333333333333,0.0,0.0872093023255814,0.6299378275871277
1,DeepSeek-R1-Distill-Qwen-14B-Q6_K,237,open_ended,,,0.42857142857142855,0.15517241379310345,0.22745089494860565,0.7603582143783569
1,DeepSeek-R1-Distill-Qwen-14B-Q6_K,300,open_ended,,,0.5227272727272727,0.26285714285714284,0.29365342560282287,0.8079313039779663
1,DeepSeek-R1-Distill-Qwen-14B-Q6_K,254,open_ended,,,0.3367003367003367,0.088135593220339,0.16372049324721083,0.7330012917518616
1,DeepSeek-R1-Distill-Qwen-14B-Q6_K,213,open_ended,,,0.39871382636655944,0.1877022653721683,0.23141812526342959,0.7449791431427002
1,DeepSeek-R1-Distill-Qwen-14B-Q6_K,293,open_ended,,,0.34408602150537637,0.06498194945848375,0.20562379309428483,0.6893289089202881
1,DeepSeek-R1-Distill-Qwen-14B-Q6_K,253,open_ended,,,0.17757009345794392,0.09433962264150943,0.07538552787663107,0.7121790647506714
1,DeepSeek-R1-Distill-Qwen-14B-Q6_K,283,open_ended,,,0.26666666666666666,0.12030075187969926,0.146413373634453,0.7255223989486694
1,DeepSeek-R1-Distill-Qwen-14B-Q6_K,225,open_ended,,,0.42857142857142855,0.11049723756906077,0.2184153299618143,0.7142608761787415
1,DeepSeek-R1-Distill-Qwen-14B-Q6_K,235,open_ended,,,0.5517241379310345,0.4046242774566474,0.31461220417002517,0.8141801357269287
1,DeepSeek-R1-Distill-Qwen-14B-Q6_K,269,open_ended,,,0.5280373831775701,0.24413145539906103,0.28956590574457897,0.7428945302963257
1,DeepSeek-R1-Distill-Qwen-14B-Q6_K,214,open_ended,,,0.4181818181818182,0.14024390243902438,0.20010298145958033,0.7404152750968933
1,DeepSeek-R1-Distill-Qwen-14B-Q6_K,285,open_ended,,,0.35106382978723405,0.11827956989247311,0.2566435185185185,0.6909583210945129
1,DeepSeek-R1-Distill-Qwen-14B-Q6_K,256,open_ended,,,0.5056818181818181,0.27428571428571424,0.4047875201721355,0.753018856048584
1,DeepSeek-R1-Distill-Qwen-14B-Q6_K,256,open_ended,,,0.498567335243553,0.2881844380403458,0.4287449466108302,0.7456299066543579
1,DeepSeek-R1-Distill-Qwen-14B-Q6_K,225,open_ended,,,0.3988269794721408,0.12979351032448375,0.18989418776360098,0.7002132534980774
1,DeepSeek-R1-Distill-Qwen-14B-Q6_K,264,open_ended,,,0.21000000000000002,0.0707070707070707,0.12992357875116498,0.6823717951774597
1,DeepSeek-R1-Distill-Qwen-14B-Q6_K,299,open_ended,,,0.5098039215686275,0.31788079470198677,0.3975794279152892,0.7379159331321716
1,DeepSeek-R1-Distill-Qwen-14B-Q6_K,262,open_ended,,,0.35443037974683544,0.11063829787234043,0.2601882695226851,0.7432029843330383
1,DeepSeek-R1-Distill-Qwen-14B-Q6_K,240,open_ended,,,0.6647887323943662,0.5552407932011331,0.47271565540919225,0.8445906043052673
1,DeepSeek-R1-Distill-Qwen-14B-Q6_K,257,open_ended,,,0.31506849315068497,0.09722222222222222,0.27533039647577096,0.7256351709365845
1,DeepSeek-R1-Distill-Qwen-14B-Q6_K,241,open_ended,,,0.5152542372881356,0.36177474402730375,0.2832784170471842,0.8161529898643494
1,DeepSeek-R1-Distill-Qwen-14B-Q6_K,205,open_ended,,,0.4857142857142857,0.16091954022988506,0.28510272200006465,0.7506833672523499
1,DeepSeek-R1-Distill-Qwen-14B-Q6_K,254,open_ended,,,0.40136054421768713,0.1232876712328767,0.200051622962356,0.7584447860717773
1,DeepSeek-R1-Distill-Qwen-14B-Q6_K,232,open_ended,,,0.3954154727793696,0.14985590778097985,0.21308142546358638,0.7239945530891418
1,DeepSeek-R1-Distill-Qwen-14B-Q6_K,258,open_ended,,,0.5221674876847291,0.3383084577114428,0.35305555555555557,0.7918594479560852
1,DeepSeek-R1-Distill-Qwen-14B-Q6_K,210,open_ended,,,0.7979274611398964,0.6492146596858638,0.706228231158658,0.8635515570640564
1,DeepSeek-R1-Distill-Qwen-14B-Q6_K,230,open_ended,,,0.35942028985507246,0.11661807580174928,0.16612886078727626,0.7076967358589172
1,DeepSeek-R1-Distill-Qwen-14B-Q6_K,212,open_ended,,,0.5747800586510265,0.2713864306784661,0.33102796807223883,0.7660495042800903
1,DeepSeek-R1-Distill-Qwen-14B-Q6_K,295,open_ended,,,0.38914027149321273,0.25570776255707767,0.22386965553508423,0.7708799839019775
1,DeepSeek-R1-Distill-Qwen-14B-Q6_K,217,open_ended,,,0.3978779840848806,0.09066666666666666,0.20840585623630384,0.6829384565353394
1,DeepSeek-R1-Distill-Qwen-14B-Q6_K,242,open_ended,,,0.4620689655172413,0.3194444444444445,0.2534840574707684,0.8077500462532043
1,DeepSeek-R1-Distill-Qwen-14B-Q6_K,210,open_ended,,,0.8481675392670157,0.7407407407407408,0.7488769898305302,0.8736169338226318
1,DeepSeek-R1-Distill-Qwen-14B-Q6_K,246,open_ended,,,0.33774834437086093,0.12666666666666668,0.15854877233310058,0.7443554997444153
1,DeepSeek-R1-Distill-Qwen-14B-Q6_K,217,open_ended,,,0.018518518518518517,0.0,0.005271481286241436,0.4898291826248169
1,DeepSeek-R1-Distill-Qwen-14B-Q6_K,249,open_ended,,,0.3526011560693641,0.1395348837209302,0.1671001750239349,0.7490536570549011
1,DeepSeek-R1-Distill-Qwen-14B-Q6_K,251,open_ended,,,0.4823151125401929,0.3300970873786408,0.21738174563951834,0.7685850858688354
1,DeepSeek-R1-Distill-Qwen-14B-Q6_K,247,open_ended,,,0.6162464985994398,0.5521126760563381,0.3453773868552879,0.8520058989524841
1,DeepSeek-R1-Distill-Qwen-14B-Q6_K,225,open_ended,,,0.42606516290726815,0.12090680100755669,0.24621985351311945,0.695726215839386
1,DeepSeek-R1-Distill-Qwen-14B-Q6_K,224,open_ended,,,0.42970822281167104,0.13866666666666666,0.21318757907471061,0.7087227702140808
1,DeepSeek-R1-Distill-Qwen-14B-Q6_K,265,open_ended,,,0.6153846153846153,0.3495145631067962,0.574938537154838,0.7941060066223145
1,DeepSeek-R1-Distill-Qwen-14B-Q6_K,235,open_ended,,,0.5465116279069766,0.4152046783625731,0.3124269473414055,0.8144753575325012
1,DeepSeek-R1-Distill-Qwen-14B-Q6_K,233,open_ended,,,0.5722543352601156,0.41860465116279066,0.2861194873491221,0.8095269799232483
1,DeepSeek-R1-Distill-Qwen-14B-Q6_K,278,open_ended,,,0.359375,0.11111111111111112,0.2110320102432779,0.7386516332626343
1,DeepSeek-R1-Distill-Qwen-14B-Q6_K,239,open_ended,,,0.26804123711340205,0.11764705882352941,0.13859438660027162,0.6833434700965881
1,DeepSeek-R1-Distill-Qwen-14B-Q6_K,259,open_ended,,,0.0,0.0,0.005704506560182545,0.4870398938655853
1,DeepSeek-R1-Distill-Qwen-14B-Q6_K,258,open_ended,,,0.4513618677042801,0.2901960784313725,0.35919291815069676,0.7751578688621521
1,DeepSeek-R1-Distill-Qwen-14B-Q6_K,212,open_ended,,,0.6049382716049383,0.3167701863354037,0.34161303949760935,0.775062084197998
1,DeepSeek-R1-Distill-Qwen-14B-Q6_K,297,open_ended,,,0.5434782608695652,0.3211678832116788,0.3134954504580024,0.7930347919464111
1,DeepSeek-R1-Distill-Qwen-14B-Q6_K,229,open_ended,,,0.4340770791075051,0.14663951120162935,0.26497276173756135,0.7108381390571594
1,DeepSeek-R1-Distill-Qwen-14B-Q6_K,289,open_ended,,,0.4975609756097561,0.31527093596059114,0.3543620352250489,0.7493733167648315
1,DeepSeek-R1-Distill-Qwen-14B-Q6_K,264,open_ended,,,0.23595505617977527,0.07954545454545454,0.10871788772597528,0.6609334349632263
1,DeepSeek-R1-Distill-Qwen-14B-Q6_K,213,open_ended,,,0.4545454545454546,0.22222222222222224,0.2448608038348083,0.7537186741828918
1,DeepSeek-R1-Distill-Qwen-14B-Q6_K,248,open_ended,,,0.5623003194888179,0.3794212218649518,0.36151017806579344,0.8274820446968079
1,DeepSeek-R1-Distill-Qwen-14B-Q6_K,282,open_ended,,,0.25806451612903225,0.046511627906976744,0.1085972850678733,0.6701644659042358
1,DeepSeek-R1-Distill-Qwen-14B-Q6_K,281,open_ended,,,0.46254071661237783,0.21639344262295085,0.2451649022801303,0.721294641494751
1,DeepSeek-R1-Distill-Qwen-14B-Q6_K,242,open_ended,,,0.4816053511705686,0.3232323232323232,0.2409216201998948,0.8070810437202454
1,DeepSeek-R1-Distill-Qwen-14B-Q6_K,233,open_ended,,,0.5838509316770186,0.48124999999999996,0.2627131672345965,0.8197402358055115
1,DeepSeek-R1-Distill-Qwen-14B-Q6_K,287,open_ended,,,0.672782874617737,0.4553846153846154,0.45619259978203053,0.8088468909263611
1,DeepSeek-R1-Distill-Qwen-14B-Q6_K,257,open_ended,,,0.32624113475177313,0.10071942446043164,0.33925333333333335,0.7267193794250488
1,DeepSeek-R1-Distill-Qwen-14B-Q6_K,262,open_ended,,,0.3184713375796178,0.10897435897435898,0.2550115606936416,0.7245298624038696
1,DeepSeek-R1-Distill-Qwen-14B-Q6_K,252,open_ended,,,0.42857142857142855,0.1625,0.23555192955192952,0.74922776222229
1,DeepSeek-R1-Distill-Qwen-14B-Q6_K,270,open_ended,,,0.36809815950920244,0.12422360248447205,0.20877527848385166,0.7252541184425354
1,DeepSeek-R1-Distill-Qwen-14B-Q6_K,208,open_ended,,,0.011173184357541898,0.0,0.006622516556291392,0.4816746711730957
1,DeepSeek-R1-Distill-Qwen-14B-Q6_K,290,open_ended,,,0.4378109452736318,0.19095477386934673,0.286265120141613,0.7680798768997192
1,DeepSeek-R1-Distill-Qwen-14B-Q6_K,293,open_ended,,,0.3458646616541354,0.0606060606060606,0.19659043150390593,0.7001874446868896
1,DeepSeek-R1-Distill-Qwen-14B-Q6_K,275,open_ended,,,0.23529411764705882,0.05405405405405405,0.18382352941176472,0.7092868685722351
1,DeepSeek-R1-Distill-Qwen-14B-Q6_K,231,open_ended,,,0.5818181818181817,0.3446475195822455,0.39338421084636727,0.8102982640266418
1,DeepSeek-R1-Distill-Qwen-14B-Q6_K,255,open_ended,,,0.0,0.0,0.03125,0.5659924745559692
1,DeepSeek-R1-Distill-Qwen-14B-Q6_K,205,open_ended,,,0.4808743169398907,0.15934065934065936,0.35247962147999773,0.747735857963562
1,DeepSeek-R1-Distill-Qwen-14B-Q6_K,237,open_ended,,,0.41509433962264153,0.1518987341772152,0.20696231335466767,0.7650836706161499
1,DeepSeek-R1-Distill-Qwen-14B-Q6_K,267,open_ended,,,0.528846153846154,0.36893203883495146,0.4102141582766001,0.7963700890541077
1,DeepSeek-R1-Distill-Qwen-14B-Q6_K,272,open_ended,,,0.46153846153846156,0.28888888888888886,0.5150465611128906,0.7823069095611572
1,DeepSeek-R1-Distill-Qwen-14B-Q6_K,233,open_ended,,,0.5670731707317074,0.4294478527607362,0.24809193938706336,0.8191859126091003
1,DeepSeek-R1-Distill-Qwen-14B-Q6_K,219,open_ended,,,0.3927272727272727,0.10256410256410256,0.18933822428619332,0.7287640571594238
1,DeepSeek-R1-Distill-Qwen-14B-Q6_K,275,open_ended,,,0.25961538461538464,0.06796116504854367,0.24630388692579513,0.6922553181648254
1,DeepSeek-R1-Distill-Qwen-14B-Q6_K,280,open_ended,,,0.36681222707423583,0.14977973568281938,0.19719493986466125,0.7026318311691284
1,DeepSeek-R1-Distill-Qwen-14B-Q6_K,255,open_ended,,,0.0,0.0,0.03125,0.5659924745559692
1,DeepSeek-R1-Distill-Qwen-14B-Q6_K,283,open_ended,,,0.2814814814814815,0.12030075187969926,0.14700454472584382,0.7359914779663086
1,DeepSeek-R1-Distill-Qwen-14B-Q6_K,294,open_ended,,,0.4028776978417266,0.2773722627737226,0.3300655197976627,0.7828469276428223
1,DeepSeek-R1-Distill-Qwen-14B-Q6_K,249,open_ended,,,0.40729483282674767,0.15902140672782875,0.1618795191988032,0.7733237743377686
1,DeepSeek-R1-Distill-Qwen-14B-Q6_K,204,open_ended,,,0.3986928104575163,0.1381578947368421,0.18570377245896477,0.7038098573684692
1,DeepSeek-R1-Distill-Qwen-14B-Q6_K,274,open_ended,,,0.3919597989949749,0.15228426395939088,0.26766184959803135,0.7163957953453064
1,DeepSeek-R1-Distill-Qwen-14B-Q6_K,242,open_ended,,,0.5096774193548387,0.3441558441558441,0.26886823694830075,0.7986199259757996
1,DeepSeek-R1-Distill-Qwen-14B-Q6_K,264,open_ended,,,0.23404255319148937,0.08602150537634409,0.12970290075621002,0.6524586081504822
1,DeepSeek-R1-Distill-Qwen-14B-Q6_K,229,open_ended,,,0.434589800443459,0.155902004454343,0.2458437012865129,0.7285533547401428
1,DeepSeek-R1-Distill-Qwen-14B-Q6_K,290,open_ended,,,0.4716981132075472,0.20952380952380953,0.3290713052591068,0.7754632234573364
1,DeepSeek-R1-Distill-Qwen-14B-Q6_K,265,open_ended,,,0.6153846153846153,0.3495145631067962,0.574938537154838,0.7941060066223145
1,DeepSeek-R1-Distill-Qwen-14B-Q6_K,239,open_ended,,,0.1864406779661017,0.08547008547008547,0.05141388174807199,0.6817406415939331
1,DeepSeek-R1-Distill-Qwen-14B-Q6_K,292,open_ended,,,0.6019417475728155,0.4411764705882353,0.4517654965620637,0.7500334978103638
1,DeepSeek-R1-Distill-Qwen-14B-Q6_K,280,open_ended,,,0.44166666666666665,0.15126050420168066,0.22485345057287504,0.704807460308075
1,DeepSeek-R1-Distill-Qwen-14B-Q6_K,241,open_ended,,,0.641399416909621,0.4574780058651027,0.4729181862932476,0.8465014100074768
1,DeepSeek-R1-Distill-Qwen-14B-Q6_K,248,open_ended,,,0.5874587458745875,0.4119601328903654,0.3689289765492974,0.8357223868370056
1,DeepSeek-R1-Distill-Qwen-14B-Q6_K,254,open_ended,,,0.4169381107491857,0.1377049180327869,0.20843981156819166,0.7523394823074341
1,DeepSeek-R1-Distill-Qwen-14B-Q6_K,231,open_ended,,,0.5139664804469274,0.30337078651685395,0.3124205389937503,0.8007962107658386
1,DeepSeek-R1-Distill-Qwen-14B-Q6_K,284,open_ended,,,0.7205387205387206,0.5288135593220339,0.5398433817960402,0.7956482768058777
1,DeepSeek-R1-Distill-Qwen-14B-Q6_K,222,open_ended,,,0.5393939393939394,0.2682926829268293,0.30547077223187863,0.7528350353240967
1,DeepSeek-R1-Distill-Qwen-14B-Q6_K,272,open_ended,,,0.5526315789473684,0.3466666666666667,0.6037225042301184,0.8006696105003357
1,DeepSeek-R1-Distill-Qwen-14B-Q6_K,226,open_ended,,,0.40606060606060607,0.14634146341463417,0.17753235147210278,0.7251855134963989
1,DeepSeek-R1-Distill-Qwen-14B-Q6_K,226,open_ended,,,0.4105960264900662,0.16666666666666666,0.17664782759727338,0.7404758930206299
2,DeepSeek-R1-Distill-Qwen-14B-Q6_K,96,yes_no,1.0,1.0,,,,
2,DeepSeek-R1-Distill-Qwen-14B-Q6_K,38,yes_no,0.0,0.0,,,,
2,DeepSeek-R1-Distill-Qwen-14B-Q6_K,62,yes_no,1.0,1.0,,,,
2,DeepSeek-R1-Distill-Qwen-14B-Q6_K,54,yes_no,1.0,1.0,,,,
2,DeepSeek-R1-Distill-Qwen-14B-Q6_K,75,yes_no,0.0,0.0,,,,
2,DeepSeek-R1-Distill-Qwen-14B-Q6_K,72,yes_no,1.0,1.0,,,,
2,DeepSeek-R1-Distill-Qwen-14B-Q6_K,86,yes_no,1.0,1.0,,,,
2,DeepSeek-R1-Distill-Qwen-14B-Q6_K,53,yes_no,0.0,0.0,,,,
2,DeepSeek-R1-Distill-Qwen-14B-Q6_K,96,yes_no,1.0,1.0,,,,
2,DeepSeek-R1-Distill-Qwen-14B-Q6_K,45,yes_no,1.0,1.0,,,,
2,DeepSeek-R1-Distill-Qwen-14B-Q6_K,91,yes_no,0.0,0.0,,,,
2,DeepSeek-R1-Distill-Qwen-14B-Q6_K,78,yes_no,0.0,0.0,,,,
2,DeepSeek-R1-Distill-Qwen-14B-Q6_K,77,yes_no,0.0,0.0,,,,
2,DeepSeek-R1-Distill-Qwen-14B-Q6_K,84,yes_no,1.0,1.0,,,,
2,DeepSeek-R1-Distill-Qwen-14B-Q6_K,61,yes_no,1.0,1.0,,,,
2,DeepSeek-R1-Distill-Qwen-14B-Q6_K,55,yes_no,0.0,0.0,,,,
2,DeepSeek-R1-Distill-Qwen-14B-Q6_K,83,yes_no,1.0,1.0,,,,
2,DeepSeek-R1-Distill-Qwen-14B-Q6_K,13,yes_no,1.0,1.0,,,,
2,DeepSeek-R1-Distill-Qwen-14B-Q6_K,96,yes_no,1.0,1.0,,,,
2,DeepSeek-R1-Distill-Qwen-14B-Q6_K,83,yes_no,1.0,1.0,,,,
2,DeepSeek-R1-Distill-Qwen-14B-Q6_K,65,yes_no,1.0,1.0,,,,
2,DeepSeek-R1-Distill-Qwen-14B-Q6_K,45,yes_no,1.0,1.0,,,,
2,DeepSeek-R1-Distill-Qwen-14B-Q6_K,27,yes_no,1.0,1.0,,,,
2,DeepSeek-R1-Distill-Qwen-14B-Q6_K,88,yes_no,1.0,1.0,,,,
2,DeepSeek-R1-Distill-Qwen-14B-Q6_K,19,yes_no,1.0,1.0,,,,
2,DeepSeek-R1-Distill-Qwen-14B-Q6_K,88,yes_no,1.0,1.0,,,,
2,DeepSeek-R1-Distill-Qwen-14B-Q6_K,84,yes_no,1.0,1.0,,,,
2,DeepSeek-R1-Distill-Qwen-14B-Q6_K,39,yes_no,1.0,1.0,,,,
2,DeepSeek-R1-Distill-Qwen-14B-Q6_K,38,yes_no,0.0,0.0,,,,
2,DeepSeek-R1-Distill-Qwen-14B-Q6_K,46,yes_no,1.0,1.0,,,,
2,DeepSeek-R1-Distill-Qwen-14B-Q6_K,20,yes_no,0.0,0.0,,,,
2,DeepSeek-R1-Distill-Qwen-14B-Q6_K,71,yes_no,1.0,1.0,,,,
2,DeepSeek-R1-Distill-Qwen-14B-Q6_K,99,yes_no,1.0,1.0,,,,
2,DeepSeek-R1-Distill-Qwen-14B-Q6_K,42,yes_no,0.0,0.0,,,,
2,DeepSeek-R1-Distill-Qwen-14B-Q6_K,95,yes_no,0.0,0.0,,,,
2,DeepSeek-R1-Distill-Qwen-14B-Q6_K,12,yes_no,1.0,1.0,,,,
2,DeepSeek-R1-Distill-Qwen-14B-Q6_K,52,yes_no,1.0,1.0,,,,
2,DeepSeek-R1-Distill-Qwen-14B-Q6_K,65,yes_no,1.0,1.0,,,,
2,DeepSeek-R1-Distill-Qwen-14B-Q6_K,15,yes_no,0.0,0.0,,,,
2,DeepSeek-R1-Distill-Qwen-14B-Q6_K,63,yes_no,0.0,0.0,,,,
2,DeepSeek-R1-Distill-Qwen-14B-Q6_K,51,yes_no,1.0,1.0,,,,
2,DeepSeek-R1-Distill-Qwen-14B-Q6_K,80,yes_no,0.0,0.0,,,,
2,DeepSeek-R1-Distill-Qwen-14B-Q6_K,100,yes_no,0.0,0.0,,,,
2,DeepSeek-R1-Distill-Qwen-14B-Q6_K,12,yes_no,1.0,1.0,,,,
2,DeepSeek-R1-Distill-Qwen-14B-Q6_K,86,yes_no,1.0,1.0,,,,
2,DeepSeek-R1-Distill-Qwen-14B-Q6_K,42,yes_no,0.0,0.0,,,,
2,DeepSeek-R1-Distill-Qwen-14B-Q6_K,98,yes_no,0.0,0.0,,,,
2,DeepSeek-R1-Distill-Qwen-14B-Q6_K,82,yes_no,0.0,0.0,,,,
2,DeepSeek-R1-Distill-Qwen-14B-Q6_K,45,yes_no,1.0,1.0,,,,
2,DeepSeek-R1-Distill-Qwen-14B-Q6_K,68,yes_no,1.0,1.0,,,,
2,DeepSeek-R1-Distill-Qwen-14B-Q6_K,55,yes_no,0.0,0.0,,,,
2,DeepSeek-R1-Distill-Qwen-14B-Q6_K,35,yes_no,1.0,1.0,,,,
2,DeepSeek-R1-Distill-Qwen-14B-Q6_K,23,yes_no,0.0,0.0,,,,
2,DeepSeek-R1-Distill-Qwen-14B-Q6_K,11,yes_no,1.0,1.0,,,,
2,DeepSeek-R1-Distill-Qwen-14B-Q6_K,58,yes_no,1.0,1.0,,,,
2,DeepSeek-R1-Distill-Qwen-14B-Q6_K,54,yes_no,1.0,1.0,,,,
2,DeepSeek-R1-Distill-Qwen-14B-Q6_K,31,yes_no,1.0,1.0,,,,
2,DeepSeek-R1-Distill-Qwen-14B-Q6_K,84,yes_no,1.0,1.0,,,,
2,DeepSeek-R1-Distill-Qwen-14B-Q6_K,98,yes_no,0.0,0.0,,,,
2,DeepSeek-R1-Distill-Qwen-14B-Q6_K,60,yes_no,1.0,1.0,,,,
2,DeepSeek-R1-Distill-Qwen-14B-Q6_K,8,yes_no,1.0,1.0,,,,
2,DeepSeek-R1-Distill-Qwen-14B-Q6_K,71,yes_no,1.0,1.0,,,,
2,DeepSeek-R1-Distill-Qwen-14B-Q6_K,60,yes_no,1.0,1.0,,,,
2,DeepSeek-R1-Distill-Qwen-14B-Q6_K,20,yes_no,0.0,0.0,,,,
2,DeepSeek-R1-Distill-Qwen-14B-Q6_K,50,yes_no,0.0,0.0,,,,
2,DeepSeek-R1-Distill-Qwen-14B-Q6_K,1,yes_no,0.0,0.0,,,,
2,DeepSeek-R1-Distill-Qwen-14B-Q6_K,88,yes_no,1.0,1.0,,,,
2,DeepSeek-R1-Distill-Qwen-14B-Q6_K,45,yes_no,1.0,1.0,,,,
2,DeepSeek-R1-Distill-Qwen-14B-Q6_K,22,yes_no,0.0,0.0,,,,
2,DeepSeek-R1-Distill-Qwen-14B-Q6_K,20,yes_no,0.0,0.0,,,,
2,DeepSeek-R1-Distill-Qwen-14B-Q6_K,32,yes_no,0.0,0.0,,,,
2,DeepSeek-R1-Distill-Qwen-14B-Q6_K,85,yes_no,0.0,0.0,,,,
2,DeepSeek-R1-Distill-Qwen-14B-Q6_K,56,yes_no,1.0,1.0,,,,
2,DeepSeek-R1-Distill-Qwen-14B-Q6_K,61,yes_no,1.0,1.0,,,,
2,DeepSeek-R1-Distill-Qwen-14B-Q6_K,13,yes_no,1.0,1.0,,,,
2,DeepSeek-R1-Distill-Qwen-14B-Q6_K,21,yes_no,1.0,1.0,,,,
2,DeepSeek-R1-Distill-Qwen-14B-Q6_K,32,yes_no,0.0,0.0,,,,
2,DeepSeek-R1-Distill-Qwen-14B-Q6_K,87,yes_no,1.0,1.0,,,,
2,DeepSeek-R1-Distill-Qwen-14B-Q6_K,21,yes_no,1.0,1.0,,,,
2,DeepSeek-R1-Distill-Qwen-14B-Q6_K,26,yes_no,0.0,0.0,,,,
2,DeepSeek-R1-Distill-Qwen-14B-Q6_K,100,yes_no,0.0,0.0,,,,
2,DeepSeek-R1-Distill-Qwen-14B-Q6_K,45,yes_no,1.0,1.0,,,,
2,DeepSeek-R1-Distill-Qwen-14B-Q6_K,74,yes_no,0.0,0.0,,,,
2,DeepSeek-R1-Distill-Qwen-14B-Q6_K,61,yes_no,1.0,1.0,,,,
2,DeepSeek-R1-Distill-Qwen-14B-Q6_K,54,yes_no,0.0,0.0,,,,
2,DeepSeek-R1-Distill-Qwen-14B-Q6_K,19,yes_no,1.0,1.0,,,,
2,DeepSeek-R1-Distill-Qwen-14B-Q6_K,44,yes_no,0.0,0.0,,,,
2,DeepSeek-R1-Distill-Qwen-14B-Q6_K,40,yes_no,1.0,1.0,,,,
2,DeepSeek-R1-Distill-Qwen-14B-Q6_K,85,yes_no,0.0,0.0,,,,
2,DeepSeek-R1-Distill-Qwen-14B-Q6_K,94,yes_no,1.0,1.0,,,,
2,DeepSeek-R1-Distill-Qwen-14B-Q6_K,69,yes_no,1.0,1.0,,,,
2,DeepSeek-R1-Distill-Qwen-14B-Q6_K,20,yes_no,0.0,0.0,,,,
2,DeepSeek-R1-Distill-Qwen-14B-Q6_K,70,yes_no,0.0,0.0,,,,
2,DeepSeek-R1-Distill-Qwen-14B-Q6_K,21,yes_no,1.0,1.0,,,,
2,DeepSeek-R1-Distill-Qwen-14B-Q6_K,88,yes_no,1.0,1.0,,,,
2,DeepSeek-R1-Distill-Qwen-14B-Q6_K,53,yes_no,0.0,0.0,,,,
2,DeepSeek-R1-Distill-Qwen-14B-Q6_K,94,yes_no,1.0,1.0,,,,
2,DeepSeek-R1-Distill-Qwen-14B-Q6_K,17,yes_no,1.0,1.0,,,,
2,DeepSeek-R1-Distill-Qwen-14B-Q6_K,91,yes_no,0.0,0.0,,,,
2,DeepSeek-R1-Distill-Qwen-14B-Q6_K,84,yes_no,1.0,1.0,,,,
2,DeepSeek-R1-Distill-Qwen-14B-Q6_K,191,short_answer,0.5,,,,,
2,DeepSeek-R1-Distill-Qwen-14B-Q6_K,102,short_answer,0.8,,,,,
2,DeepSeek-R1-Distill-Qwen-14B-Q6_K,192,short_answer,0.0,,,,,
2,DeepSeek-R1-Distill-Qwen-14B-Q6_K,161,short_answer,0.09523809523809525,,,,,
2,DeepSeek-R1-Distill-Qwen-14B-Q6_K,174,short_answer,0.0,,,,,
2,DeepSeek-R1-Distill-Qwen-14B-Q6_K,143,short_answer,0.0,,,,,
2,DeepSeek-R1-Distill-Qwen-14B-Q6_K,121,short_answer,0.1111111111111111,,,,,
2,DeepSeek-R1-Distill-Qwen-14B-Q6_K,140,short_answer,0.0,,,,,
2,DeepSeek-R1-Distill-Qwen-14B-Q6_K,115,short_answer,0.07142857142857144,,,,,
2,DeepSeek-R1-Distill-Qwen-14B-Q6_K,174,short_answer,0.0,,,,,
2,DeepSeek-R1-Distill-Qwen-14B-Q6_K,196,short_answer,0.0,,,,,
2,DeepSeek-R1-Distill-Qwen-14B-Q6_K,122,short_answer,0.0,,,,,
2,DeepSeek-R1-Distill-Qwen-14B-Q6_K,197,short_answer,0.0,,,,,
2,DeepSeek-R1-Distill-Qwen-14B-Q6_K,146,short_answer,0.4166666666666667,,,,,
2,DeepSeek-R1-Distill-Qwen-14B-Q6_K,124,short_answer,0.13333333333333333,,,,,
2,DeepSeek-R1-Distill-Qwen-14B-Q6_K,119,short_answer,0.0,,,,,
2,DeepSeek-R1-Distill-Qwen-14B-Q6_K,143,short_answer,0.0,,,,,
2,DeepSeek-R1-Distill-Qwen-14B-Q6_K,119,short_answer,0.0,,,,,
2,DeepSeek-R1-Distill-Qwen-14B-Q6_K,140,short_answer,0.0,,,,,
2,DeepSeek-R1-Distill-Qwen-14B-Q6_K,192,short_answer,0.0,,,,,
2,DeepSeek-R1-Distill-Qwen-14B-Q6_K,123,short_answer,0.0,,,,,
2,DeepSeek-R1-Distill-Qwen-14B-Q6_K,178,short_answer,0.5882352941176471,,,,,
2,DeepSeek-R1-Distill-Qwen-14B-Q6_K,102,short_answer,0.8,,,,,
2,DeepSeek-R1-Distill-Qwen-14B-Q6_K,156,short_answer,0.0,,,,,
2,DeepSeek-R1-Distill-Qwen-14B-Q6_K,128,short_answer,0.0,,,,,
2,DeepSeek-R1-Distill-Qwen-14B-Q6_K,143,short_answer,0.0,,,,,
2,DeepSeek-R1-Distill-Qwen-14B-Q6_K,167,short_answer,0.5714285714285715,,,,,
2,DeepSeek-R1-Distill-Qwen-14B-Q6_K,118,short_answer,0.0,,,,,
2,DeepSeek-R1-Distill-Qwen-14B-Q6_K,111,short_answer,0.09999999999999999,,,,,
2,DeepSeek-R1-Distill-Qwen-14B-Q6_K,174,short_answer,0.0,,,,,
2,DeepSeek-R1-Distill-Qwen-14B-Q6_K,174,short_answer,0.0,,,,,
2,DeepSeek-R1-Distill-Qwen-14B-Q6_K,186,short_answer,0.16666666666666669,,,,,
2,DeepSeek-R1-Distill-Qwen-14B-Q6_K,137,short_answer,0.0,,,,,
2,DeepSeek-R1-Distill-Qwen-14B-Q6_K,152,short_answer,0.7692307692307692,,,,,
2,DeepSeek-R1-Distill-Qwen-14B-Q6_K,188,short_answer,0.23529411764705882,,,,,
2,DeepSeek-R1-Distill-Qwen-14B-Q6_K,130,short_answer,0.0,,,,,
2,DeepSeek-R1-Distill-Qwen-14B-Q6_K,175,short_answer,0.5333333333333333,,,,,
2,DeepSeek-R1-Distill-Qwen-14B-Q6_K,173,short_answer,0.09999999999999999,,,,,
2,DeepSeek-R1-Distill-Qwen-14B-Q6_K,135,short_answer,0.2857142857142857,,,,,
2,DeepSeek-R1-Distill-Qwen-14B-Q6_K,130,short_answer,0.0,,,,,
2,DeepSeek-R1-Distill-Qwen-14B-Q6_K,147,short_answer,0.6086956521739131,,,,,
2,DeepSeek-R1-Distill-Qwen-14B-Q6_K,158,short_answer,0.0,,,,,
2,DeepSeek-R1-Distill-Qwen-14B-Q6_K,189,short_answer,0.1212121212121212,,,,,
2,DeepSeek-R1-Distill-Qwen-14B-Q6_K,189,short_answer,0.18181818181818182,,,,,
2,DeepSeek-R1-Distill-Qwen-14B-Q6_K,181,short_answer,0.07142857142857144,,,,,
2,DeepSeek-R1-Distill-Qwen-14B-Q6_K,108,short_answer,0.0,,,,,
2,DeepSeek-R1-Distill-Qwen-14B-Q6_K,176,short_answer,0.10526315789473682,,,,,
2,DeepSeek-R1-Distill-Qwen-14B-Q6_K,118,short_answer,0.0,,,,,
2,DeepSeek-R1-Distill-Qwen-14B-Q6_K,168,short_answer,0.17391304347826084,,,,,
2,DeepSeek-R1-Distill-Qwen-14B-Q6_K,184,short_answer,0.0,,,,,
2,DeepSeek-R1-Distill-Qwen-14B-Q6_K,170,short_answer,0.10526315789473685,,,,,
2,DeepSeek-R1-Distill-Qwen-14B-Q6_K,133,short_answer,0.5294117647058824,,,,,
2,DeepSeek-R1-Distill-Qwen-14B-Q6_K,128,short_answer,0.0,,,,,
2,DeepSeek-R1-Distill-Qwen-14B-Q6_K,151,short_answer,0.380952380952381,,,,,
2,DeepSeek-R1-Distill-Qwen-14B-Q6_K,124,short_answer,0.13333333333333333,,,,,
2,DeepSeek-R1-Distill-Qwen-14B-Q6_K,157,short_answer,0.10526315789473682,,,,,
2,DeepSeek-R1-Distill-Qwen-14B-Q6_K,195,short_answer,0.21052631578947367,,,,,
2,DeepSeek-R1-Distill-Qwen-14B-Q6_K,132,short_answer,0.24000000000000002,,,,,
2,DeepSeek-R1-Distill-Qwen-14B-Q6_K,145,short_answer,0.1818181818181818,,,,,
2,DeepSeek-R1-Distill-Qwen-14B-Q6_K,158,short_answer,0.0,,,,,
2,DeepSeek-R1-Distill-Qwen-14B-Q6_K,130,short_answer,0.0,,,,,
2,DeepSeek-R1-Distill-Qwen-14B-Q6_K,189,short_answer,0.1212121212121212,,,,,
2,DeepSeek-R1-Distill-Qwen-14B-Q6_K,132,short_answer,0.20689655172413793,,,,,
2,DeepSeek-R1-Distill-Qwen-14B-Q6_K,143,short_answer,0.0,,,,,
2,DeepSeek-R1-Distill-Qwen-14B-Q6_K,194,short_answer,0.0,,,,,
2,DeepSeek-R1-Distill-Qwen-14B-Q6_K,187,short_answer,0.0,,,,,
2,DeepSeek-R1-Distill-Qwen-14B-Q6_K,110,short_answer,0.0,,,,,
2,DeepSeek-R1-Distill-Qwen-14B-Q6_K,146,short_answer,0.6956521739130436,,,,,
2,DeepSeek-R1-Distill-Qwen-14B-Q6_K,127,short_answer,0.2666666666666667,,,,,
2,DeepSeek-R1-Distill-Qwen-14B-Q6_K,191,short_answer,0.5714285714285715,,,,,
2,DeepSeek-R1-Distill-Qwen-14B-Q6_K,164,short_answer,0.11764705882352941,,,,,
2,DeepSeek-R1-Distill-Qwen-14B-Q6_K,132,short_answer,0.24000000000000002,,,,,
2,DeepSeek-R1-Distill-Qwen-14B-Q6_K,142,short_answer,0.9285714285714286,,,,,
2,DeepSeek-R1-Distill-Qwen-14B-Q6_K,191,short_answer,0.5,,,,,
2,DeepSeek-R1-Distill-Qwen-14B-Q6_K,135,short_answer,0.5,,,,,
2,DeepSeek-R1-Distill-Qwen-14B-Q6_K,176,short_answer,0.10526315789473682,,,,,
2,DeepSeek-R1-Distill-Qwen-14B-Q6_K,177,short_answer,0.2857142857142857,,,,,
2,DeepSeek-R1-Distill-Qwen-14B-Q6_K,177,short_answer,0.2608695652173913,,,,,
2,DeepSeek-R1-Distill-Qwen-14B-Q6_K,144,short_answer,0.27586206896551724,,,,,
2,DeepSeek-R1-Distill-Qwen-14B-Q6_K,106,short_answer,0.4666666666666667,,,,,
2,DeepSeek-R1-Distill-Qwen-14B-Q6_K,193,short_answer,0.0,,,,,
2,DeepSeek-R1-Distill-Qwen-14B-Q6_K,139,short_answer,0.48484848484848486,,,,,
2,DeepSeek-R1-Distill-Qwen-14B-Q6_K,149,short_answer,0.0,,,,,
2,DeepSeek-R1-Distill-Qwen-14B-Q6_K,158,short_answer,0.0,,,,,
2,DeepSeek-R1-Distill-Qwen-14B-Q6_K,198,short_answer,0.15,,,,,
2,DeepSeek-R1-Distill-Qwen-14B-Q6_K,142,short_answer,0.9285714285714286,,,,,
2,DeepSeek-R1-Distill-Qwen-14B-Q6_K,186,short_answer,0.19999999999999998,,,,,
2,DeepSeek-R1-Distill-Qwen-14B-Q6_K,131,short_answer,0.0,,,,,
2,DeepSeek-R1-Distill-Qwen-14B-Q6_K,152,short_answer,0.7692307692307692,,,,,
2,DeepSeek-R1-Distill-Qwen-14B-Q6_K,157,short_answer,0.05555555555555555,,,,,
2,DeepSeek-R1-Distill-Qwen-14B-Q6_K,115,short_answer,0.07142857142857144,,,,,
2,DeepSeek-R1-Distill-Qwen-14B-Q6_K,158,short_answer,0.0,,,,,
2,DeepSeek-R1-Distill-Qwen-14B-Q6_K,164,short_answer,0.11764705882352941,,,,,
2,DeepSeek-R1-Distill-Qwen-14B-Q6_K,146,short_answer,0.6956521739130436,,,,,
2,DeepSeek-R1-Distill-Qwen-14B-Q6_K,101,short_answer,0.3333333333333333,,,,,
2,DeepSeek-R1-Distill-Qwen-14B-Q6_K,144,short_answer,0.7804878048780487,,,,,
2,DeepSeek-R1-Distill-Qwen-14B-Q6_K,180,short_answer,0.06060606060606061,,,,,
2,DeepSeek-R1-Distill-Qwen-14B-Q6_K,106,short_answer,0.5333333333333333,,,,,
2,DeepSeek-R1-Distill-Qwen-14B-Q6_K,146,short_answer,0.5714285714285714,,,,,
2,DeepSeek-R1-Distill-Qwen-14B-Q6_K,181,short_answer,0.07142857142857144,,,,,
2,DeepSeek-R1-Distill-Qwen-14B-Q6_K,274,open_ended,,,0.3411764705882353,0.16666666666666666,0.1996426645091694,0.6941769123077393
2,DeepSeek-R1-Distill-Qwen-14B-Q6_K,208,open_ended,,,0.011173184357541898,0.0,0.006622516556291392,0.4816746711730957
2,DeepSeek-R1-Distill-Qwen-14B-Q6_K,285,open_ended,,,0.3380281690140845,0.14285714285714285,0.22987690955050002,0.7389488220214844
2,DeepSeek-R1-Distill-Qwen-14B-Q6_K,208,open_ended,,,0.011173184357541898,0.0,0.006622516556291392,0.4816746711730957
2,DeepSeek-R1-Distill-Qwen-14B-Q6_K,212,open_ended,,,0.6107784431137724,0.31927710843373497,0.38135977201377413,0.7848987579345703
2,DeepSeek-R1-Distill-Qwen-14B-Q6_K,238,open_ended,,,0.0,0.0,0.005321979776476851,0.4849642217159271
2,DeepSeek-R1-Distill-Qwen-14B-Q6_K,224,open_ended,,,0.3944444444444445,0.09497206703910614,0.18867419597719692,0.6982877254486084
2,DeepSeek-R1-Distill-Qwen-14B-Q6_K,271,open_ended,,,0.5221932114882506,0.2204724409448819,0.3291614409720648,0.7529924511909485
2,DeepSeek-R1-Distill-Qwen-14B-Q6_K,220,open_ended,,,0.4827586206896552,0.19130434782608696,0.32495259840619783,0.7484744787216187
2,DeepSeek-R1-Distill-Qwen-14B-Q6_K,264,open_ended,,,0.21000000000000002,0.0707070707070707,0.12992357875116498,0.6823717951774597
2,DeepSeek-R1-Distill-Qwen-14B-Q6_K,247,open_ended,,,0.6162464985994398,0.5521126760563381,0.3453773868552879,0.8520058989524841
2,DeepSeek-R1-Distill-Qwen-14B-Q6_K,234,open_ended,,,0.4872521246458923,0.2792022792022792,0.2154354284957495,0.7702890634536743
2,DeepSeek-R1-Distill-Qwen-14B-Q6_K,212,open_ended,,,0.6424242424242425,0.32926829268292684,0.3858292807879305,0.7730213403701782
2,DeepSeek-R1-Distill-Qwen-14B-Q6_K,205,open_ended,,,0.4216216216216216,0.16304347826086957,0.2679637643372635,0.7173147201538086
2,DeepSeek-R1-Distill-Qwen-14B-Q6_K,256,open_ended,,,0.49732620320855614,0.27956989247311825,0.43300234038254304,0.7406565546989441
2,DeepSeek-R1-Distill-Qwen-14B-Q6_K,222,open_ended,,,0.536144578313253,0.2787878787878788,0.31355470086471865,0.752968430519104
2,DeepSeek-R1-Distill-Qwen-14B-Q6_K,228,open_ended,,,0.4927536231884059,0.30903790087463556,0.25291412683135495,0.7803226709365845
2,DeepSeek-R1-Distill-Qwen-14B-Q6_K,290,open_ended,,,0.4854368932038835,0.23529411764705882,0.2811096153846154,0.7709136605262756
2,DeepSeek-R1-Distill-Qwen-14B-Q6_K,244,open_ended,,,0.5121951219512195,0.343558282208589,0.3298605212992846,0.8444032073020935
2,DeepSeek-R1-Distill-Qwen-14B-Q6_K,205,open_ended,,,0.48450704225352115,0.15864022662889518,0.287138473304252,0.7480102777481079
2,DeepSeek-R1-Distill-Qwen-14B-Q6_K,267,open_ended,,,0.4978165938864629,0.3612334801762115,0.3955433763611451,0.7587990164756775
2,DeepSeek-R1-Distill-Qwen-14B-Q6_K,211,open_ended,,,0.5074626865671642,0.32330827067669177,0.2696720156962788,0.7713484168052673
2,DeepSeek-R1-Distill-Qwen-14B-Q6_K,289,open_ended,,,0.47290640394088673,0.27860696517412936,0.3042081443750175,0.7420483231544495
2,DeepSeek-R1-Distill-Qwen-14B-Q6_K,259,open_ended,,,0.0,0.0,0.005704506560182545,0.4870398938655853
2,DeepSeek-R1-Distill-Qwen-14B-Q6_K,217,open_ended,,,0.018518518518518517,0.0,0.005271481286241436,0.4898291826248169
2,DeepSeek-R1-Distill-Qwen-14B-Q6_K,286,open_ended,,,0.43636363636363634,0.15384615384615385,0.2369762930236231,0.7276979088783264
2,DeepSeek-R1-Distill-Qwen-14B-Q6_K,290,open_ended,,,0.4018691588785046,0.16981132075471697,0.28825577714466605,0.7537596225738525
2,DeepSeek-R1-Distill-Qwen-14B-Q6_K,221,open_ended,,,0.6985294117647058,0.37777777777777777,0.3695650451906244,0.786867618560791
2,DeepSeek-R1-Distill-Qwen-14B-Q6_K,215,open_ended,,,0.5234375,0.23622047244094485,0.29279490690433574,0.7667899131774902
2,DeepSeek-R1-Distill-Qwen-14B-Q6_K,251,open_ended,,,0.4919093851132686,0.3583061889250815,0.23659270304919794,0.7873035073280334
2,DeepSeek-R1-Distill-Qwen-14B-Q6_K,239,open_ended,,,0.1864406779661017,0.08547008547008547,0.05141388174807199,0.6817406415939331
2,DeepSeek-R1-Distill-Qwen-14B-Q6_K,201,open_ended,,,0.43317972350230416,0.16744186046511628,0.2628555576682938,0.7479702234268188
2,DeepSeek-R1-Distill-Qwen-14B-Q6_K,223,open_ended,,,0.6422976501305483,0.47244094488188976,0.3969668004093835,0.8116334080696106
2,DeepSeek-R1-Distill-Qwen-14B-Q6_K,206,open_ended,,,0.3365079365079365,0.06389776357827476,0.15661023006477554,0.7328757643699646
2,DeepSeek-R1-Distill-Qwen-14B-Q6_K,270,open_ended,,,0.0,0.0,0.01310615989515072,0.526066243648529
2,DeepSeek-R1-Distill-Qwen-14B-Q6_K,233,open_ended,,,0.5616045845272206,0.3804034582132564,0.2605383240338323,0.811228334903717
2,DeepSeek-R1-Distill-Qwen-14B-Q6_K,266,open_ended,,,0.46296296296296297,0.23364485981308414,0.39172211163526294,0.7841938734054565
2,DeepSeek-R1-Distill-Qwen-14B-Q6_K,211,open_ended,,,0.49264705882352944,0.26666666666666666,0.2688218517123687,0.7560524940490723
2,DeepSeek-R1-Distill-Qwen-14B-Q6_K,230,open_ended,,,0.3352941176470588,0.1242603550295858,0.17185810765425158,0.7153183817863464
2,DeepSeek-R1-Distill-Qwen-14B-Q6_K,207,open_ended,,,0.4575835475578406,0.19121447028423771,0.28775192158944785,0.6902534365653992
2,DeepSeek-R1-Distill-Qwen-14B-Q6_K,238,open_ended,,,0.0,0.0,0.005321979776476851,0.4849642217159271
2,DeepSeek-R1-Distill-Qwen-14B-Q6_K,241,open_ended,,,0.5657894736842106,0.423841059602649,0.3195484841639768,0.8291043639183044
2,DeepSeek-R1-Distill-Qwen-14B-Q6_K,228,open_ended,,,0.4684684684684685,0.3323262839879154,0.29105565560415064,0.7896069288253784
2,DeepSeek-R1-Distill-Qwen-14B-Q6_K,201,open_ended,,,0.40466926070038917,0.09411764705882353,0.24579855986375704,0.7258255481719971
2,DeepSeek-R1-Distill-Qwen-14B-Q6_K,236,open_ended,,,0.36990595611285265,0.15141955835962145,0.21661272323726458,0.7627818584442139
2,DeepSeek-R1-Distill-Qwen-14B-Q6_K,297,open_ended,,,0.5530303030303031,0.3206106870229008,0.3537122860855814,0.7900755405426025
2,DeepSeek-R1-Distill-Qwen-14B-Q6_K,256,open_ended,,,0.4880636604774536,0.2826666666666667,0.4284070752430323,0.7515208721160889
2,DeepSeek-R1-Distill-Qwen-14B-Q6_K,265,open_ended,,,0.6153846153846153,0.3495145631067962,0.574938537154838,0.7941060066223145
2,DeepSeek-R1-Distill-Qwen-14B-Q6_K,258,open_ended,,,0.5221674876847291,0.3383084577114428,0.35305555555555557,0.7918594479560852
2,DeepSeek-R1-Distill-Qwen-14B-Q6_K,241,open_ended,,,0.5152542372881356,0.36177474402730375,0.2832784170471842,0.8161529898643494
2,DeepSeek-R1-Distill-Qwen-14B-Q6_K,232,open_ended,,,0.4171122994652406,0.13440860215053765,0.24597745402678461,0.715970516204834
2,DeepSeek-R1-Distill-Qwen-14B-Q6_K,291,open_ended,,,0.38095238095238093,0.16338028169014082,0.2826507663429712,0.7127598524093628
2,DeepSeek-R1-Distill-Qwen-14B-Q6_K,233,open_ended,,,0.6397849462365591,0.45945945945945943,0.3580054865714517,0.8200547695159912
2,DeepSeek-R1-Distill-Qwen-14B-Q6_K,249,open_ended,,,0.4142011834319526,0.2023809523809524,0.19251164437363782,0.7673896551132202
2,DeepSeek-R1-Distill-Qwen-14B-Q6_K,206,open_ended,,,0.38888888888888884,0.06832298136645963,0.18257410757720763,0.7353018522262573
2,DeepSeek-R1-Distill-Qwen-14B-Q6_K,271,open_ended,,,0.5133689839572192,0.2043010752688172,0.26530316172226354,0.767318844795227
2,DeepSeek-R1-Distill-Qwen-14B-Q6_K,289,open_ended,,,0.4954954954954955,0.2727272727272727,0.40926962618089746,0.7646397948265076
2,DeepSeek-R1-Distill-Qwen-14B-Q6_K,232,open_ended,,,0.4173441734417344,0.1362397820163488,0.22644567195416268,0.7187378406524658
2,DeepSeek-R1-Distill-Qwen-14B-Q6_K,300,open_ended,,,0.37037037037037035,0.15593220338983052,0.16688916586685662,0.7954782843589783
2,DeepSeek-R1-Distill-Qwen-14B-Q6_K,270,open_ended,,,0.4378698224852071,0.1317365269461078,0.21971803427253256,0.7254485487937927
2,DeepSeek-R1-Distill-Qwen-14B-Q6_K,222,open_ended,,,0.5602409638554217,0.2727272727272727,0.3035137946053924,0.7484791874885559
2,DeepSeek-R1-Distill-Qwen-14B-Q6_K,290,open_ended,,,0.4299065420560747,0.17924528301886794,0.29743791339716924,0.7623142004013062
2,DeepSeek-R1-Distill-Qwen-14B-Q6_K,219,open_ended,,,0.42906574394463665,0.0975609756097561,0.1749271137026239,0.716263473033905
2,DeepSeek-R1-Distill-Qwen-14B-Q6_K,214,open_ended,,,0.3974358974358974,0.14838709677419354,0.16244289213014257,0.7372168302536011
2,DeepSeek-R1-Distill-Qwen-14B-Q6_K,233,open_ended,,,0.5308641975308642,0.391304347826087,0.23551774214573157,0.8153384923934937
2,DeepSeek-R1-Distill-Qwen-14B-Q6_K,268,open_ended,,,0.5232558139534884,0.21176470588235297,0.2988939606741573,0.7595140337944031
2,DeepSeek-R1-Distill-Qwen-14B-Q6_K,235,open_ended,,,0.5341246290801187,0.417910447761194,0.2883789586688137,0.8181278705596924
2,DeepSeek-R1-Distill-Qwen-14B-Q6_K,231,open_ended,,,0.6062176165803109,0.35416666666666663,0.3830850897804545,0.8137592673301697
2,DeepSeek-R1-Distill-Qwen-14B-Q6_K,228,open_ended,,,0.47197640117994105,0.31454005934718104,0.27976630459840496,0.7778386473655701
2,DeepSeek-R1-Distill-Qwen-14B-Q6_K,228,open_ended,,,0.46913580246913583,0.3043478260869565,0.2732850035331322,0.7879628539085388
2,DeepSeek-R1-Distill-Qwen-14B-Q6_K,297,open_ended,,,0.5530303030303031,0.3206106870229008,0.3537122860855814,0.7900755405426025
2,DeepSeek-R1-Distill-Qwen-14B-Q6_K,259,open_ended,,,0.0,0.0,0.005704506560182545,0.4870398938655853
2,DeepSeek-R1-Distill-Qwen-14B-Q6_K,267,open_ended,,,0.5233644859813085,0.36792452830188677,0.44082029506017295,0.7756091356277466
2,DeepSeek-R1-Distill-Qwen-14B-Q6_K,243,open_ended,,,0.3371647509578544,0.2393822393822394,0.18836490569682257,0.7588052749633789
2,DeepSeek-R1-Distill-Qwen-14B-Q6_K,264,open_ended,,,0.2558139534883721,0.09411764705882354,0.12162679425837321,0.6591148376464844
2,DeepSeek-R1-Distill-Qwen-14B-Q6_K,278,open_ended,,,0.4424778761061947,0.18018018018018017,0.28121609869370706,0.7549200057983398
2,DeepSeek-R1-Distill-Qwen-14B-Q6_K,261,open_ended,,,0.4397905759162304,0.20105820105820107,0.3270814057132304,0.8039904832839966
2,DeepSeek-R1-Distill-Qwen-14B-Q6_K,267,open_ended,,,0.509090909090909,0.3577981651376147,0.44335937500000006,0.812351644039154
2,DeepSeek-R1-Distill-Qwen-14B-Q6_K,294,open_ended,,,0.46875,0.30158730158730157,0.4427911500121566,0.7913544178009033
2,DeepSeek-R1-Distill-Qwen-14B-Q6_K,279,open_ended,,,0.3548387096774194,0.13043478260869565,0.3508498475609756,0.7235136032104492
2,DeepSeek-R1-Distill-Qwen-14B-Q6_K,239,open_ended,,,0.2918149466192171,0.12186379928315413,0.12656394215977845,0.6772632598876953
2,DeepSeek-R1-Distill-Qwen-14B-Q6_K,205,open_ended,,,0.41037735849056606,0.14691943127962087,0.28558338019435914,0.7203967571258545
2,DeepSeek-R1-Distill-Qwen-14B-Q6_K,297,open_ended,,,0.5447761194029851,0.32330827067669177,0.30752286672485635,0.794188380241394
2,DeepSeek-R1-Distill-Qwen-14B-Q6_K,291,open_ended,,,0.32801822323462415,0.13729977116704806,0.27754416162988077,0.6990455389022827
2,DeepSeek-R1-Distill-Qwen-14B-Q6_K,220,open_ended,,,0.49557522123893805,0.20535714285714285,0.32604121682631915,0.753757894039154
2,DeepSeek-R1-Distill-Qwen-14B-Q6_K,239,open_ended,,,0.22695035460992902,0.07142857142857142,0.09789156626506022,0.6844443678855896
2,DeepSeek-R1-Distill-Qwen-14B-Q6_K,272,open_ended,,,0.5526315789473684,0.3466666666666667,0.6037225042301184,0.8006696105003357
2,DeepSeek-R1-Distill-Qwen-14B-Q6_K,213,open_ended,,,0.423841059602649,0.1733333333333333,0.22449623435162389,0.7484056353569031
2,DeepSeek-R1-Distill-Qwen-14B-Q6_K,229,open_ended,,,0.44495412844036697,0.14285714285714288,0.24326270095885932,0.7382668852806091
2,DeepSeek-R1-Distill-Qwen-14B-Q6_K,226,open_ended,,,0.42025316455696204,0.1475826972010178,0.2175157731517787,0.7159647345542908
2,DeepSeek-R1-Distill-Qwen-14B-Q6_K,208,open_ended,,,0.011173184357541898,0.0,0.006622516556291392,0.4816746711730957
2,DeepSeek-R1-Distill-Qwen-14B-Q6_K,225,open_ended,,,0.38271604938271603,0.13043478260869562,0.18341753184939752,0.712108314037323
2,DeepSeek-R1-Distill-Qwen-14B-Q6_K,283,open_ended,,,0.2706766917293233,0.12213740458015267,0.14700454472584382,0.7247306108474731
2,DeepSeek-R1-Distill-Qwen-14B-Q6_K,280,open_ended,,,0.3664921465968587,0.13756613756613756,0.16753211165620346,0.7204582095146179
2,DeepSeek-R1-Distill-Qwen-14B-Q6_K,243,open_ended,,,0.3371647509578544,0.2393822393822394,0.18836490569682257,0.7588052749633789
2,DeepSeek-R1-Distill-Qwen-14B-Q6_K,256,open_ended,,,0.5015105740181269,0.2857142857142857,0.3907554803680491,0.758493185043335
2,DeepSeek-R1-Distill-Qwen-14B-Q6_K,253,open_ended,,,0.1739130434782609,0.1073170731707317,0.06951793062904175,0.7096115946769714
2,DeepSeek-R1-Distill-Qwen-14B-Q6_K,242,open_ended,,,0.4620689655172413,0.3194444444444445,0.2534840574707684,0.8073830604553223
2,DeepSeek-R1-Distill-Qwen-14B-Q6_K,207,open_ended,,,0.46428571428571425,0.19487179487179487,0.3133554988272668,0.6895907521247864
2,DeepSeek-R1-Distill-Qwen-14B-Q6_K,251,open_ended,,,0.5132743362831858,0.34421364985163205,0.2955717609967465,0.7782326340675354
